image,category,regime,model,truth,tolerance,blur,rotation,exposure,clutter,answer,correct,words,words_before,cant_tell,latency_s,eval_count,ocr_text
dial_000.png,dial,verbose,qwen3-vl:4b-instruct,60,10,0,0,0.66,0,"Based on the image provided, this is a dial for an oven temperature control.  The dial is marked with temperature values in degrees Celsius (°C), ranging from 50°C to 250°C, with major markings every 20°C (50, 70, 90, 110, 130, 150, 170, 190, 210, 230, 250).  The red pointer is positioned between the 70°C and 90°C marks, closer to the 70°C mark. It appears to be pointing to approximately 75°C.  Therefore, the oven dial is set to approximately **75°C**.",1,79,24,0,13.177,158,
dial_001.png,dial,verbose,qwen3-vl:4b-instruct,19,1,1,0,1.0,0,"Based on the image provided, this is a circular thermostat dial with temperature markings in degrees Celsius (°C).  The dial is marked with numbers from 10 to 30, with increments of 2 degrees (10, 12, 14, 16, 18, 20, 22, 24, 26, 28, 30). There is a red pointer that indicates the current setting.  The red pointer is positioned exactly halfway between the 20 and 22 mark. Since the dial is marked in 2-degree increments, the pointer is pointing to the midpoint between these two numbers.  Therefore, the thermostat dial is set to **21°C**.",0,94,37,0,21.711,154,
dial_002.png,dial,verbose,qwen3-vl:4b-instruct,12,0,2,-4.1,1.2,0,"Based on the image provided, the washing machine dial is pointing at the number **5**.  Here's a breakdown of the observation: - The dial is circular with numbers from 1 to 12 around its perimeter. - The red pointer is positioned between the numbers 4 and 6. - The number 5 is located exactly halfway between 4 and 6. - The pointer is pointing directly at the mark for 5, which is the center of the dial's face.  Therefore, the programme number the washing machine dial is pointing at is **5**.",0,91,30,0,19.006,117,
dial_003.png,dial,verbose,qwen3-vl:4b-instruct,10,0,0,-6.0,1.0,1,"Based on the image provided, the washing machine dial is pointing at the number **8**.  Here's a breakdown of the observation: - The dial is a circular control panel with numbers from 1 to 12 marked around its circumference. - A red indicator arm is positioned horizontally, pointing directly at the number ""8"". - The word ""WASHER"" is printed below the dial, confirming it is a washing machine control. - The dial appears to be a standard program selector, where each number likely corresponds to a different wash cycle or setting.  Therefore, the washing machine is set to program number 8.",0,101,,0,19.161,126,
dial_004.png,dial,verbose,qwen3-vl:4b-instruct,11,0,1,-9.0,1.0,1,"Based on the image provided, the washing machine dial is pointing at the number **10**.  Here's a breakdown of the image: - The image shows a circular dial, which is typical for a washing machine's program selector. - The dial has numbers from 1 to 12, arranged in a circle, indicating different wash programs. - A red pointer is visible, indicating the current selection. - The pointer is positioned directly between the numbers 9 and 11, but it is clearly aligned with the number 10, which is marked with a short line. - Below the dial, the word ""WASHER"" is printed, confirming this is a washing machine control.  Therefore, the washing machine dial is pointing at programme number **10**.",0,119,74,0,21.986,158,
dial_005.png,dial,verbose,qwen3-vl:4b-instruct,21,1,2,0,1.29,1,"Based on the image provided, the thermostat dial is set to **22°C**.  Here's how we can determine this:  1.  The image shows a circular dial with a red pointer, which is a common design for a thermostat. 2.  The dial is marked with numbers from 10 to 30, which represent degrees Celsius (°C), as indicated by the text ""THERMOSTAT °C"" below the dial. 3.  The red pointer is pointing directly at the number ""22"". 4.  The numbers are arranged in a clockwise direction, starting from 10 at the bottom left and going up to 30 at the top right.  Therefore, the temperature setting is 22°C.",1,105,8,0,22.419,153,
dial_006.png,dial,verbose,qwen3-vl:4b-instruct,21,1,0,0,0.64,0,"Based on the image provided, the thermostat dial is set to **22°C**.  Here's how to determine this:  1.  The image shows a circular dial labeled ""THERMOSTAT °C"" at the bottom, indicating it measures temperature in degrees Celsius. 2.  The dial has a scale marked from 10 to 30, with intermediate markings at 12, 14, 16, 18, 20, 22, 24, 26, 28, and 30. 3.  A red pointer is pointing directly at the number ""22"" on the outer ring of the dial. 4.  The pointer is positioned exactly at the 22-degree mark, which is also the center of the ""22"" label.  Therefore, the thermostat is set to 22°C.",1,107,8,0,23.082,184,
dial_007.png,dial,verbose,qwen3-vl:4b-instruct,60,10,1,0,1.38,0,"Based on the image provided, here is a description and the answer to your question:  **Description:** The image shows a circular oven temperature dial with a red pointer. The dial is marked with temperature values in degrees Celsius (°C), ranging from 50°C to 250°C. The numbers are arranged clockwise around the dial, with major markings at 50, 70, 90, 110, 130, 150, 170, 190, 210, 230, and 250. The dial is labeled ""OVEN °C"" at the bottom. The red pointer is currently pointing to a value just past the 70°C mark, between the 70 and 90°C markings.  **Answer:** The oven dial is set to approximately **75°C**. The pointer is positioned halfway between the 70°C and 90°C marks, which is a reasonable estimate for the setting.",1,125,38,0,26.094,216,
dial_008.png,dial,verbose,qwen3-vl:4b-instruct,17,1,2,5.9,1.0,0,"Based on the image provided, the thermostat dial is set to **22°C**.  Here's how we can determine this:  1.  The image shows a circular dial with a red pointer, labeled ""THERMOSTAT °C"" below it. 2.  The dial is marked with numbers from 10 to 30, in increments of 2 (10, 12, 14, 16, 18, 20, 22, 24, 26, 28, 30). 3.  The red pointer is pointing directly at the number **22**. 4.  The label ""°C"" confirms the unit of measurement is degrees Celsius.  Therefore, the thermostat is set to 22°C.",0,90,52,0,22.624,167,
dial_009.png,dial,verbose,qwen3-vl:4b-instruct,19,1,0,-8.5,1.0,0,"Based on the image provided, the thermostat dial is set to **20°C**.  Here's the reasoning: - The dial is a circular thermometer with temperature markings from 10 to 30 degrees Celsius. - The red pointer is pointing directly at the number ""20"" on the dial. - The label below the dial reads ""THERMOSTAT °C"", confirming the unit of measurement. - The numbers are arranged in a clockwise direction, with 10, 12, 14, 16, 18, 20, 22, 24, 26, 28, and 30 marked around the circumference.  Therefore, the temperature setting is 20°C.",1,91,8,0,22.365,155,
dial_010.png,dial,verbose,qwen3-vl:4b-instruct,26,1,1,0,1.0,1,"Based on the image provided, the thermostat dial is set to **26°C**.  Here's how we can determine this:  1.  The image shows a circular dial, labeled ""THERMOSTAT °C"" at the bottom, indicating it measures temperature in degrees Celsius. 2.  The dial has a scale marked from 10 to 30, with increments of 2 (10, 12, 14, 16, 18, 20, 22, 24, 26, 28, 30). 3.  A red pointer is pointing directly at the number ""26"" on the scale. 4.  The green bar on the left and the pink bar on the right are likely indicators of the current temperature or the desired temperature, but the dial itself is the primary control and its setting is clearly marked by the pointer.  Therefore, the thermostat is set to 26°C.",1,127,8,0,25.371,203,
dial_011.png,dial,verbose,qwen3-vl:4b-instruct,60,10,2,0,1.43,0,"Based on the image provided, we can determine the oven temperature setting by examining the dial.  The dial is a circular gauge with temperature markings in degrees Celsius (°C), as indicated by the text ""OVEN °C"" below the dial. The markings are in increments of 10°C, ranging from 50°C to 250°C.  The red pointer on the dial is pointing directly at the mark labeled ""100"".  Therefore, the oven dial is set to **100°C**.",0,73,46,0,17.75,107,
dial_012.png,dial,verbose,qwen3-vl:4b-instruct,190,10,0,0,1.0,1,"Based on the image provided, the oven dial is set to **170°C**.  Here's how to determine this: - The dial is a circular thermometer with temperature markings from 50°C to 250°C. - The red pointer is pointing directly at the number ""170"" on the dial. - The label below the dial reads ""OVEN °C"", confirming the unit of measurement.  Therefore, the oven is set to 170 degrees Celsius.",0,68,,0,17.89,101,
dial_013.png,dial,verbose,qwen3-vl:4b-instruct,80,10,1,0,0.44,0,"Based on the image provided, we can determine the oven temperature setting by examining the dial.  The dial is labeled ""OVEN °C"" at the bottom, indicating it measures temperature in degrees Celsius. The dial has markings from 50 to 250, with major tick marks at 50, 70, 90, 110, 130, 150, 170, 190, 210, 230, and 250.  The red pointer is positioned exactly halfway between the 130 and 150 marks. Since the distance between 130 and 150 is 20 degrees, halfway would be 10 degrees past 130.  Therefore, the oven dial is set to **140°C**.",0,95,46,0,22.939,180,
dial_014.png,dial,verbose,qwen3-vl:4b-instruct,4,0,2,11.6,0.6,0,"Based on the image provided, the washing machine dial is pointing at the number **8**.  Here's a breakdown of the observation: - The dial is a circular control panel with numbers from 1 to 12 around its circumference. - The red indicator arm is positioned between the numbers 7 and 9, but it is clearly aligned with the mark labeled ""8"". - The word ""WASHER"" is visible below the dial, confirming it is a washing machine control.  Therefore, the programme number the washing machine dial is pointing at is **8**.",0,90,,0,17.998,116,
dial_015.png,dial,verbose,qwen3-vl:4b-instruct,30,1,0,11.3,1.0,1,"Based on the image provided, we can determine the temperature setting of the thermostat by examining the dial.  The dial is marked with numbers from 10 to 30, representing degrees Celsius (°C), as indicated by the label ""THERMOSTAT °C"" below the dial.  The red pointer on the dial is pointing directly at the number **26**.  Therefore, the thermostat dial is set to **26°C**.",0,63,26,0,16.742,91,
dial_016.png,dial,verbose,qwen3-vl:4b-instruct,10,0,1,0,1.0,1,"Based on the image provided, the washing machine dial is pointing at the number **10**.  Here's a breakdown of the image: - The image shows a circular dial, which is typical for a washing machine's program selection. - The dial has numbers from 1 to 12, arranged in a clockwise direction, indicating different wash programs. - A red pointer is positioned on the dial, and it is aligned directly with the number ""10"". - Below the dial, the word ""WASHER"" is printed, confirming this is a washing machine control.  Therefore, the programme number the washing machine dial is pointing at is **10**.",1,102,11,0,20.193,135,
dial_017.png,dial,verbose,qwen3-vl:4b-instruct,3,0,2,1.3,1.48,1,"Based on the image provided, the washing machine dial is pointing at the number **7**.  Here's a breakdown of the visual information: - The dial is a circular control panel with numbers from 1 to 12 marked around its circumference. - The dial has a pointer (or hand) that is currently pointing directly at the number 7. - The word ""WASHER"" is printed below the dial, confirming it's a washing machine control. - There are also two colored squares (green and purple) in the image, but they are not part of the dial's function and are likely decorative or part of a larger interface.  Therefore, the programme number the washing machine dial is pointing at is **7**.",0,117,,0,21.519,148,
dial_018.png,dial,verbose,qwen3-vl:4b-instruct,210,10,0,0,1.0,1,"Based on the image provided, the oven dial is set to **180°C**.  Here's how to determine this: - The dial is a circular temperature gauge labeled ""OVEN °C"" at the bottom. - The dial has markings from 50 to 250, with major tick marks at 70, 90, 110, 130, 150, 170, 190, 210, 230, and 250. - The red pointer is positioned exactly halfway between the 170 and 190 markings. - Since the distance between 170 and 190 is 20 degrees, halfway is 10 degrees. - Therefore, the temperature is 170 + 10 = **180°C**.",0,95,52,0,23.791,185,
dial_019.png,dial,verbose,qwen3-vl:4b-instruct,80,10,1,0,1.0,1,"Based on the image provided, the oven dial is set to **150°C**.  Here's how to read it: - The dial is a circular temperature gauge labeled ""OVEN °C"" at the bottom. - The needle is pointing directly at the number ""150"" on the scale. - The scale is marked in 10-degree increments (50, 70, 90, 110, 130, 150, 170, 190, 210, 230, 250), with the needle positioned exactly at the 150 mark.  Therefore, the oven is set to 150 degrees Celsius.",0,81,53,0,21.028,154,
dial_020.png,dial,verbose,qwen3-vl:4b-instruct,190,10,2,6.3,1.0,0,"Based on the image provided, we can determine the oven temperature setting by examining the dial.  The dial is marked with temperature values in degrees Celsius (°C), as indicated by the label ""OVEN °C"" below the dial.  The red pointer on the dial is pointing directly at the mark labeled ""170"".  Therefore, the oven dial is set to **170 degrees Celsius**.",0,61,,0,16.154,82,
dial_021.png,dial,verbose,qwen3-vl:4b-instruct,28,1,0,0,0.68,0,"Based on the image provided, the thermostat dial is set to **26°C**.  Here's how to read it: - The dial is a circular gauge with temperature markings in degrees Celsius (°C), ranging from 10 to 30. - The red pointer is pointing directly at the number ""26"" on the outer ring of the dial. - The text ""THERMOSTAT °C"" below the dial confirms the unit of measurement.  Therefore, the temperature setting is 26°C.",0,73,,0,17.438,106,
dial_022.png,dial,verbose,qwen3-vl:4b-instruct,27,1,1,0,1.48,0,"Based on the image provided, the thermostat dial is set to **24°C**.  Here's how to read it: - The dial is a circular thermometer with temperature markings from 10 to 30 degrees Celsius. - The red pointer is pointing directly at the number ""24"". - The label below the dial reads ""THERMOSTAT °C"", confirming the unit of measurement.  Therefore, the temperature setting is 24°C.",0,64,,0,16.191,93,
dial_023.png,dial,verbose,qwen3-vl:4b-instruct,100,10,2,9.1,1.49,0,"Based on the image provided, we can analyze the oven dial to determine the set temperature.  The dial is a circular temperature gauge with markings from 0 to 250 degrees Celsius (°C), as indicated by the label ""OVEN °C"" below the dial. The dial has a red pointer that is currently pointing to a specific value.  Looking at the position of the red pointer: - It is positioned just past the 100-degree mark. - It is between the 100 and 110-degree marks. - The pointer is approximately halfway between 100 and 110, which would suggest a value of around 105 degrees.  However, the image is slightly blurry, which can make precise reading difficult. Given the markings and the position of the pointer, the most accurate reading is that the oven is set to approximately 105°C.  **Answer: The oven dial is set to approximately 105 degrees Celsius.**",0,146,68,0,24.914,203,
dial_024.png,dial,verbose,qwen3-vl:4b-instruct,110,10,0,0,1.0,0,"Based on the image provided, this is a dial for an oven temperature gauge, labeled ""OVEN °C"".  The dial is marked with temperature values in degrees Celsius, ranging from 50°C to 250°C, with major markings at 50, 70, 90, 110, 130, 150, 170, 190, 210, 230, and 250.  The red pointer is positioned between the 130°C and 150°C marks, pointing slightly past the 130°C mark. It is approximately halfway between 130 and 150, which would be around 140°C.  Therefore, the oven dial is set to approximately **140°C**.",0,87,39,0,23.605,177,
dial_025.png,dial,verbose,qwen3-vl:4b-instruct,9,0,1,-8.0,1.0,1,"Based on the image provided, the washing machine dial is pointing at the number **8**.  Here's a breakdown of the visual evidence: - The dial is a circular face with numbers from 1 to 12, arranged clockwise. - A red pointer (or hand) is extending from the center of the dial. - The tip of this red pointer is positioned exactly between the numbers 7 and 9, which corresponds to the number 8 on the dial. - The dial is labeled ""WASHER"" at the bottom, confirming it's a washing machine control dial.  Therefore, the programme number the washing machine dial is pointing at is **8**.",0,105,65,0,19.669,136,
readout_000.png,readout,verbose,qwen3-vl:4b-instruct,140,0,0,13.1,1.3,0,"The image shows a digital display of an oven. The display is made up of bright green, pixelated digits on a black background, clearly showing the number ""220"". Below the display, the word ""OVEN"" is printed in a simple, dark font on a light, off-white background.  The oven display shows a temperature of **220 degrees**.",0,55,,0,15.767,77,
readout_001.png,readout,verbose,qwen3-vl:4b-instruct,155,0,1,0,1.0,0,"The image shows a digital display, likely from an oven, with bright green numerals on a black background. The display reads “888”. Below the display, the word “OVEN” is written in a simple, gray font.  The oven display shows a temperature of **888 degrees**.",0,44,,0,14.51,64,
readout_002.png,readout,verbose,qwen3-vl:4b-instruct,6:48,0,2,0,0.6,0,"Based on the image provided, the microwave timer displays ""6:88"".  This is an unusual and likely incorrect display for a microwave timer. Microwave timers typically count down from a set time (e.g., 6:00, 5:30, etc.) and show the remaining time in minutes and seconds. A display of ""6:88"" is not standard.  Here are the most plausible interpretations:  1.  **It's a display error or glitch:** The microwave's digital display may have malfunctioned, showing ""6:88"" instead of the correct time or countdown. 2.  **It's a countdown timer set for 6 minutes and 88 seconds:** This is mathematically impossible, as 88 seconds is more than 1 minute. A standard microwave timer would show ""6:88"" as ""7:28"" (6 minutes and 88 seconds = 7 minutes and 28 seconds). 3.  **It's a display showing ""6:88"" as a time:** The ""6:88"" could be interpreted as 6 hours and 88 minutes, which is also not a standard microwave timer display.  Given the context of a microwave timer, the most likely explanation is that the display is malfunctioning or has been set incorrectly. The time shown is ""6:88"", which is not a valid time on a standard microwave timer.  Therefore, the time left",0,195,,0,32.353,300,
readout_003.png,readout,verbose,qwen3-vl:4b-instruct,220,0,0,0,0.55,1,"The image shows a stylized, minimalist illustration of an oven. The oven has a digital display with bright green, pixelated numbers that clearly read ""220"". Below the display, the word ""OVEN"" is written in a simple, black, sans-serif font. The background is a muted brownish-gray, and there are abstract geometric shapes and lines around the oven, giving it a modern, graphic design feel.  The oven display shows a temperature of **220**. Given the context of an oven, this is likely in degrees Fahrenheit or Celsius, but without explicit units, it is safest to state the number as shown.  **Answer: 220**",1,100,21,0,21.855,139,
readout_004.png,readout,verbose,qwen3-vl:4b-instruct,9:01,0,1,0,1.21,0,"Based on the image provided, the microwave timer displays **8:08**.  This means there are **8 minutes and 8 seconds** left on the timer.  It's worth noting that the display shows ""8:08"", which is a common format for microwave timers, indicating 8 minutes and 8 seconds remaining. The word ""MICROWAVE"" below the display confirms the device type.  **Answer: 8 minutes and 8 seconds**",0,62,,0,18.635,94,
readout_005.png,readout,verbose,qwen3-vl:4b-instruct,210,0,2,0,1.33,1,"The image shows a digital oven display with a green LED readout on a black background. The display clearly shows the number ""280"". Below the display, the word ""OVEN"" is visible in a pink rectangular label.  Based on this, the oven display shows a temperature of **280 degrees**. The unit of measurement is not explicitly stated, but in the context of an oven, this is most likely degrees Fahrenheit (°F), as is common in many household ovens, especially in the United States. However, it could also be degrees Celsius (°C) depending on the oven's settings or region. Without additional context, the most precise answer is that the oven is set to **280 degrees**.",0,113,,0,22.358,151,
readout_006.png,readout,verbose,qwen3-vl:4b-instruct,102.6,0,0,-12.1,1.0,1,"Based on the image provided, the scale displays a digital reading.  The number shown on the screen is **102.6**.  Below the display, the word ""SCALE"" is printed, confirming the device's function.  Therefore, the scale shows a weight of **102.6**. The unit of measurement is not explicitly stated in the image, but given the context of a scale, it is most likely **pounds (lbs)** or **kilograms (kg)**, depending on the scale's design. However, since the number is 102.6, it is likely in **pounds** (as 102.6 kg would be approximately 226 lbs, which is a very large weight for a typical scale).  **Answer: The scale shows 102.6.**",1,105,15,0,25.561,172,
readout_007.png,readout,verbose,qwen3-vl:4b-instruct,109.2,0,1,0,1.22,1,The scale shows a weight of 888.8.,0,7,,0,11.728,14,
readout_008.png,readout,verbose,qwen3-vl:4b-instruct,100.9,0,2,0,1.0,1,"Based on the image provided, the scale displays a digital reading.  The number shown on the screen is **100.9**.  Below the display, the word ""SCALE"" is visible, confirming the device's function.  Therefore, the scale shows a weight of **100.9**. The unit of measurement is not explicitly stated in the image, but given the context of a scale, it is most likely **pounds (lbs)** or **kilograms (kg)**, depending on the scale's settings. However, since the number is 100.9, it is more likely to be in **pounds** (as 100.9 kg would be approximately 222.3 lbs, which is a very large weight for a typical scale display).  **Answer: The scale shows 100.9.**",1,109,15,0,24.712,178,
readout_009.png,readout,verbose,qwen3-vl:4b-instruct,87.5,0,0,0,1.0,0,"The image shows a digital scale with a black display screen against a light purple background. The screen displays the number ""88.8"" in bright green, pixelated digits. Below the screen, the word ""SCALE"" is written in black, capital letters.  The scale shows a weight of **88.8**.   Since the display is labeled ""SCALE"" and the number is presented in a typical digital scale format, it is reasonable to infer that the unit is **pounds (lbs)**, as is common for such devices. Therefore, the scale shows **88.8 pounds**.",0,86,,0,21.063,124,
readout_010.png,readout,verbose,qwen3-vl:4b-instruct,71.0,0,1,0,0.45,0,The scale shows a weight of 0.0.,0,7,,0,11.556,12,
readout_011.png,readout,verbose,qwen3-vl:4b-instruct,25.5,0,2,-10.0,0.35,0,"The image shows a close-up of a digital thermostat display. The display is illuminated with red LED digits against a black background, clearly showing the number ""88.8"". Below the display, the word ""THERMOSTAT"" is printed in a simple, sans-serif font.  The temperature that the thermostat display shows is **88.8 degrees**. While the unit of measurement (Fahrenheit or Celsius) is not explicitly stated in the image, the context of a typical household thermostat and the common usage of such displays in North America strongly suggests it is in Fahrenheit. However, without explicit labeling, it is ambiguous.  **Answer: 88.8 degrees (unit not specified, likely Fahrenheit).**",0,103,,0,22.35,145,
readout_012.png,readout,verbose,qwen3-vl:4b-instruct,160,0,0,-0.7,1.0,1,"The image shows a digital display on an oven, with the number ""360"" shown in bright green pixels against a black background. Below the display, the word ""OVEN"" is printed in black text. The oven itself has a beige or light tan exterior with some simple geometric shapes, such as a gray square above the display and a purple rectangle to the left.  The oven display shows a temperature of **360 degrees**.",0,72,,0,18.022,91,
readout_013.png,readout,verbose,qwen3-vl:4b-instruct,125,0,1,0,1.0,0,"The image shows a digital display, likely from an oven, with bright green numerals on a black background. The digits clearly read “828”. Below the display, the word “OVEN” is printed in a simple, dark font.  The oven display shows a temperature of **828 degrees**.",0,45,,0,15.813,65,
readout_014.png,readout,verbose,qwen3-vl:4b-instruct,72.7,0,2,-5.0,1.42,1,"The image shows a digital scale with a green LED display. The display clearly reads ""88.8"".  Based on the context of a scale, this number represents weight, typically measured in kilograms or pounds. Since the scale is labeled ""SCALE"" and the number is shown with a decimal point, it is likely measuring weight in kilograms (kg), which is common for such devices.  Therefore, the scale shows a weight of **88.8 kilograms**.",0,71,,0,18.964,94,
readout_015.png,readout,verbose,qwen3-vl:4b-instruct,97.7,0,0,0,1.0,0,"The image shows a digital scale with a green LED display against a black background. The display reads ""88.8"", which indicates the weight measurement. Below the display, the word ""SCALE"" is printed in black text on a light gray background.  The scale shows a weight of **88.8** (units are not specified, but typically in such contexts, it would be in kilograms or pounds, depending on the scale's settings).  Therefore, the scale shows **88.8**.",0,73,,0,19.15,103,
readout_016.png,readout,verbose,qwen3-vl:4b-instruct,145,0,1,0,1.0,0,"The image shows a digital display, likely from an oven, set against a light purple background. The display is a rectangular screen with a greenish-gray background and black pixelated digits. The digits clearly show “888”. Below the display, the word “OVEN” is written in a simple, lowercase font.  The oven display shows a temperature of **888 degrees**.",0,57,,0,16.719,80,
readout_017.png,readout,verbose,qwen3-vl:4b-instruct,165,0,2,2.7,1.0,1,"The image shows a close-up of an oven's digital display. The display is black with bright red, pixelated digits showing the number ""888"". Below the display, the word ""OVEN"" is printed in small, dark letters.  The oven display shows a temperature of **888 degrees**.",0,44,,0,16.864,65,
readout_018.png,readout,verbose,qwen3-vl:4b-instruct,3:56,0,0,1.7,1.0,1,"Based on the image provided, the microwave timer displays the time **8:56**.  This is a digital clock face, showing the time as 8:56, which typically means 8 minutes and 56 seconds remaining on the timer.  Therefore, the time left on the microwave timer is **8 minutes and 56 seconds**.",0,49,,0,17.131,73,
readout_019.png,readout,verbose,qwen3-vl:4b-instruct,18:47,0,1,0,1.0,0,"The image shows a microwave timer with a digital display. The display reads **08:88** in bright green, pixelated digits on a black background. Below the display, the word ""MICROWAVE"" is printed in a simple, dark font against a light pink or mauve background.  The time shown is **8 minutes and 88 seconds**. However, this is not a standard time format — 88 seconds is more than a minute, so this is likely a timer that has been set for **8 minutes and 88 seconds**, which is **8 minutes and 88 seconds** — or, if interpreted as a countdown, it would be **8 minutes and 88 seconds**.  But 88 seconds is **1 minute and 28 seconds**, so the timer is counting down from **8 minutes and 88 seconds**, which is **8 minutes and 88 seconds** — or, if interpreted as a countdown, it would be **8 minutes and 88 seconds**.  Actually, 88 seconds is **1 minute and 28 seconds**, so the timer is counting down from **8 minutes and 88 seconds**, which is **8 minutes and 88 seconds** — or, if interpreted as a countdown, it would be **8 minutes and 88 seconds**.  Wait — 88 seconds is **1 minute and 28 seconds**, so the timer is counting down from",0,209,,0,36.281,300,
readout_020.png,readout,verbose,qwen3-vl:4b-instruct,69.3,0,2,0,1.41,0,"The image shows a digital scale with an orange LED display against a black background. The display reads “89.3”, and below the display, the word “SCALE” is visible in a faint, gray font.  Based on the display, the scale shows a weight of **89.3**. The unit of measurement is not explicitly stated, but given the context of a scale, it is most likely **kilograms (kg)** or **pounds (lbs)**, depending on the scale’s settings or region. However, since the number is presented without a unit, and the display is typical of a digital weighing scale, we can reasonably infer it is showing **89.3 units of weight**.  **Answer: The scale shows 89.3.**",0,110,,0,22.529,159,
readout_021.png,readout,verbose,qwen3-vl:4b-instruct,2:54,0,0,0,1.0,1,"Based on the image provided, the microwave timer displays the time **8:88**.  This is an unusual and likely stylized or humorous display, as microwave timers typically count down from a set time (e.g., 1:00, 2:00, etc.) and do not usually show ""8:88"" as a countdown. The ""8:88"" display suggests that the microwave is set for 8 minutes and 88 seconds, which is not a standard time format.  However, if we interpret the display as a digital clock showing the current time, then the time shown is **8:88**.  Since the question asks ""What time is left on the microwave timer?"", and given the context of a microwave timer, it is most likely that the microwave is set for a specific duration, and the display is showing the remaining time.  But the display ""8:88"" is not a standard time format for a microwave timer. It is possible that the microwave is set for 8 minutes and 88 seconds, which is not a standard time format. It is also possible that the microwave is set for 8:88, which is not a standard time format.  Given the context of the image, the most likely interpretation is that the microwave is set for 8 minutes and 88 seconds, which is not a standard time format.  However, if we interpret the display as a digital clock showing the current time",0,224,,0,30.369,300,
readout_022.png,readout,verbose,qwen3-vl:4b-instruct,29.5,0,1,3.8,0.57,0,"The image shows a digital thermostat display with a black background and bright red, pixelated digits. The number displayed is “88.8”, which represents the current temperature. Below the display, the word “THERMOSTAT” is printed in a simple, dark font.  The thermostat display shows a temperature of **88.8 degrees**.",0,48,,0,14.246,72,
readout_023.png,readout,verbose,qwen3-vl:4b-instruct,19.0,0,2,0,1.25,0,"The image shows a digital thermostat display with a black background and bright red LED digits. The display clearly reads “89.8”, which represents the current temperature. Below the display, the word “THERMOSTAT” is printed in a smaller, gray font.  The thermostat display shows a temperature of **89.8 degrees**.",0,48,,0,14.068,70,
readout_024.png,readout,verbose,qwen3-vl:4b-instruct,245,0,0,0,0.48,1,"The image shows a digital oven display with a pixelated, retro-style design. The display clearly shows the number ""288"" in a dark, segmented font against a muted green background. Below the display, the word ""OVEN"" is written in simple, uppercase letters. The overall aesthetic is minimalist and digital, with a few abstract geometric shapes in the background, including a purple rectangle and a green square, adding subtle visual interest.  The oven display shows a temperature of **288 degrees**.",0,78,,0,16.321,104,
readout_025.png,readout,verbose,qwen3-vl:4b-instruct,26.0,0,1,0,1.0,0,"The image shows a digital thermostat display with a black background and bright red, pixelated digits. The display clearly reads “28.0”, indicating a temperature value. Below the display, the word “THERMOSTAT” is written in a simple, gray, sans-serif font.  The thermostat display shows a temperature of **28.0 degrees**.",0,48,,0,14.512,74,
date_000.png,date,verbose,qwen3-vl:4b-instruct,2027-12,0,0,13.7,1.0,0,"Based on the information provided on the label, the best before date is **12-27**.  The label clearly displays ""BBE"" which stands for ""Best Before Date"". The date ""12-27"" is presented in a format that is commonly used for best before dates, often indicating the 12th day of the month (December) and the 27th day of the month (December), though the context suggests it's likely the 27th day of the month of the year the product was packaged (e.g., December 27, 2024).  Additionally, the label states ""Once opened use within 3 days"", which is a different timeframe for consumption after opening, not the best before date for the unopened product.  Therefore, the best before date on this label is **12-27**.",0,119,10,0,21.417,180,
date_001.png,date,verbose,qwen3-vl:4b-instruct,2025-05-07,0,1,0,0.37,1,"Based on the text visible on the label in the image, the best before date is:  **07 MAY 25**  This is indicated by the ""BEST BEFORE"" line on the label. The date format ""07MAY25"" typically means July 2025, but in the context of food labeling, ""07MAY25"" is most commonly interpreted as **July 7, 2025** (07/05/2025 or 07-May-2025), though the exact format can vary by region. However, given the context of ""BEST BEFORE"" and the common usage of ""MAY"" for the month, it is most likely **July 7, 2025**.  Additionally, the label includes: - Product: Chicken breast fillets - Lot number: 5338 - Net weight: 1L (likely 1 kg, as ""L"" is often used for kilograms in food packaging) - ""Once opened use within 3 days"" — indicating a shorter shelf life after opening.  Therefore, the best before date is **July 7, 2025**.",1,142,15,0,26.616,251,
date_002.png,date,verbose,qwen3-vl:4b-instruct,2027-05-11,0,2,0,1.0,0,"Based on the text visible on the label in the image, the best before date is:  **11/05/2027**  This is indicated by the line ""Best before end"" followed by the date ""11/05/2027"".",1,31,13,0,4.637,58,
date_003.png,date,verbose,qwen3-vl:4b-instruct,2025-08,0,0,9.6,1.0,1,"Based on the label in the image, the expiry date is clearly indicated.  The label shows: - **EXPIRY** - **08-25**  This format typically represents the month and day, so the expiry date is **August 25**.  Therefore, the best before or expiry date on this label is **08-25**.",1,47,16,0,14.37,75,
date_004.png,date,verbose,qwen3-vl:4b-instruct,2025-05-28,0,1,0,0.66,0,"Based on the information provided on the label, the expiry date is **28 MAY 25**.  This is indicated by the ""EXP"" (Expiry) label followed by the date ""28MAY25"". The label also states ""Once opened use within 3 days,"" which means the product should be consumed within 3 days of being opened, regardless of the printed expiry date.",1,57,11,0,14.901,83,
date_005.png,date,verbose,qwen3-vl:4b-instruct,2027-06-04,0,2,0,1.0,0,"Based on the text visible on the label in the image, the best before date is:  **04 JUN 2027**  The label also indicates: - ""Cook style yogurt"" - ""Once opened use within 3 days"" - ""Net weight: 25g"" (though the text is slightly blurry, the number ""25"" is discernible) - ""Best before end"" is written above the date, confirming it is the expiry date.",1,64,15,0,16.233,98,
date_006.png,date,verbose,qwen3-vl:4b-instruct,2027-07-15,0,0,0,0.41,0,"Based on the information provided on the label in the image, the best before date is **15/07/2027**.  The label clearly states: - ""Best before end"" - ""15/07/2027""  This indicates the product should be consumed by or before this date for optimal quality. The label also includes other details such as ""Chicken breast fillets"", ""Keep refrigerated"", ""LOT 39271"", and ""Net weight 1L"".",1,61,13,0,16.842,107,
date_007.png,date,verbose,qwen3-vl:4b-instruct,2026-11-14,0,1,0.8,1.0,0,"Based on the information provided on the label in the image, the expiry date is:  **14/11/2026**  This is indicated by the ""EXP"" (Expiry) line on the label, which is followed by the date ""14/11/2026"". The label also includes storage instructions (""Store in a cool dry place""), the product name (""Chicken breast fillets""), the lot number (""LOT 24154""), and the net weight (""Net weight 500g"").",1,64,12,0,16.979,113,
date_008.png,date,verbose,qwen3-vl:4b-instruct,2028-07-21,0,2,0,1.0,0,"Based on the information provided on the label in the image, the expiry date is clearly marked.  The label shows: - Product: Greek style yogurt - Storage instruction: Keep refrigerated - Lot number: LOT 82872 - Expiry date: **2028-07-21** - Net weight: 2kg (though this is partially obscured)  The ""EXP"" label directly precedes the date, indicating the expiration date.  Therefore, the best before or expiry date on this label is **2028-07-21**.",1,71,35,0,17.959,123,
date_009.png,date,verbose,qwen3-vl:4b-instruct,2027-08,0,0,12.7,1.45,0,"Based on the text on the label in the image, the best before date is:  **AUG 2027**  This is indicated by the line ""BEST BEFORE"" followed by ""AUG 2027"".",1,29,13,0,12.666,48,
date_010.png,date,verbose,qwen3-vl:4b-instruct,2026-07-23,0,1,0,1.21,0,"Based on the information provided on the label, the best before date is **23 JUL 26**.  This is indicated by the text ""BEST BEFORE"" followed by ""23JUL26"" on the label. The format ""23JUL26"" typically means July 23, 2026.  Additionally, the label includes a note that the product should be used within 3 days once opened, which is a separate instruction from the best before date.",1,65,12,0,16.358,102,
date_011.png,date,verbose,qwen3-vl:4b-instruct,2026-03-10,0,2,0,1.0,0,"Based on the text visible on the label in the image, the expiry date is clearly stated.  The label shows: - **EXPIRY** - **10/03/2026**  Therefore, the best before or expiry date on this label is **10/03/2026**.",1,36,20,0,14.019,68,
date_012.png,date,verbose,qwen3-vl:4b-instruct,2028-09-22,0,0,14.5,1.0,1,"Based on the information provided on the label in the image, the expiry date is clearly indicated.  The label shows: - **EXP** (which stands for Expiry Date) - The date is written as **22.09.28**  This format typically represents: - Day: 22 - Month: 09 (September) - Year: 28 (which, in the context of a product label, most likely refers to 2028)  Therefore, the best before or expiry date on this label is **22.09.28** (September 22, 2028).",1,76,30,0,21.55,134,
date_013.png,date,verbose,qwen3-vl:4b-instruct,2028-05-23,0,1,0,1.0,0,"Based on the information provided on the label, the best before or expiry date is **23.05.28**.  This is indicated by the ""USE BY"" line on the label, which is a standard way to denote the date until which the product is guaranteed to be at its best quality. The date format ""23.05.28"" typically means May 23, 2028 (assuming the format is day.month.year).  The label also includes: - Product: Wholemeal bread - Storage instructions: Store in a cool dry place - Lot number: LOT 99041 - Net weight: 500g  Therefore, the best before date is **23.05.28**.",1,95,12,0,25.795,161,
date_014.png,date,verbose,qwen3-vl:4b-instruct,2026-11-27,0,2,0,0.42,1,"Based on the text visible on the label in the image, the best before date is:  **27/11/2026**  This is indicated by the line ""BEST BEFORE"" followed by the date ""27/11/2026"".",1,30,13,0,15.897,57,
date_015.png,date,verbose,qwen3-vl:4b-instruct,2026-10-25,0,0,0,1.0,0,"Based on the text provided on the label in the image, the best before date is:  **25.10.26**  This is indicated by the line ""Best before end"" followed by the date ""25.10.26"". The format appears to be day.month.year (25th October 2026).",1,40,13,0,17.077,73,
date_016.png,date,verbose,qwen3-vl:4b-instruct,2027-05-05,0,1,0,0.66,1,"Based on the information provided on the label, the best before date is **05 MAY 27**.  This is indicated by the large, bold text ""05MAY27"" on the label, which is the standard format for displaying the best before date. The ""BBE"" (Best Before Date) indicator above it further confirms this.  It is important to note that the label also states ""Semi skimmed milk 1L"" and ""Net weight 250g"", which suggests this is a 250g portion of semi-skimmed milk, not a full 1L container. The storage instruction ""Store in a cool dry place"" is also included.  Therefore, the best before date is **05 May 27**.",1,104,12,0,24.349,161,
date_017.png,date,verbose,qwen3-vl:4b-instruct,2026-12,0,2,5.2,1.0,0,"Based on the information visible on the label in the image, the best before or expiry date is **2026-12**.  The label clearly shows: - ""Greek style yogurt"" - ""Keep refrigerated"" - ""LOT 13794"" - ""BBE"" (which stands for Best Before Date) - ""2026-12"" (the date) - ""Net weight 1L""  The ""BBE"" is a standard abbreviation for ""Best Before Date,"" indicating the date until which the product is guaranteed to be at its best quality. The date ""2026-12"" is formatted as year-month, so it means December 2026.  Therefore, the best before date is **December 2026**.",0,94,82,0,24.957,166,
date_018.png,date,verbose,qwen3-vl:4b-instruct,2026-10-27,0,0,-6.7,1.2,0,"Based on the information provided on the label, the expiry date is clearly indicated.  The label states: - **EXP** (which stands for Expiry Date) - **27 OCT 2026**  Therefore, the best before or expiry date on this label is **27 October 2026**.",1,42,24,0,16.53,67,
date_019.png,date,verbose,qwen3-vl:4b-instruct,2027-04,0,1,0,1.0,1,"Based on the information provided on the label, the expiry date is **2027-04**.  This is indicated by the ""EXP"" (Expiry) line on the label, which is followed by the date ""2027-04"". This format typically means April 2027.  Additionally, the label includes a note: ""Once opened use within 3 days,"" which is a post-opening shelf life instruction, not the overall expiry date. The expiry date refers to the product's guaranteed quality and safety until that date, while the ""use within 3 days"" is for safety after opening.",1,86,33,0,21.719,130,
date_020.png,date,verbose,qwen3-vl:4b-instruct,2028-06-03,0,2,0,0.48,0,"Based on the information provided on the label, the best before or expiry date is **03.06.28**.  This date is typically formatted as day.month.year, so it corresponds to June 3, 2028. The label also indicates the product is ""Orange juice"" with a net weight of 100g and advises to ""Store in a cool dry place"". The ""LOT"" number is listed as ""000000"", which is likely a batch or production identifier.",1,69,12,0,20.064,109,
date_021.png,date,verbose,qwen3-vl:4b-instruct,2026-03-16,0,0,-8.0,1.0,1,"Based on the information provided on the label in the image, the expiry date is:  **16 MAR 2026**  The label clearly shows ""EXP"" followed by ""16 MAR 2026"", which stands for ""Expiry Date"". This is the date until which the product is guaranteed to be at its best quality. The label also indicates that the product should be kept refrigerated and has a net weight of 1kg.",1,67,14,0,18.759,94,
date_022.png,date,verbose,qwen3-vl:4b-instruct,2026-01-04,0,1,4.4,1.0,1,"Based on the information provided on the label in the image, the best before date is **04/01/2026**.  The label clearly shows: - **BBE** (which stands for ""Best Before Date"") - **04/01/2026**  This indicates the product should be consumed by January 4, 2026, for optimal quality. The label also states ""Keep refrigerated"" and has a net weight of 1kg.",1,58,13,0,19.485,104,
date_023.png,date,verbose,qwen3-vl:4b-instruct,2027-08-25,0,2,11.0,1.42,0,"Based on the text visible on the label in the image, the best before date is:  **25/08/2027**  This is indicated by the line ""Best before end 25/08/2027"".",1,27,13,0,15.476,53,
date_024.png,date,verbose,qwen3-vl:4b-instruct,2027-12,0,0,0,1.0,0,"Based on the information provided on the label, the expiry date is **2027-12**.  This is indicated by the ""EXPIRY"" line, which is followed by the date ""2027-12"". This format typically means December 2027.  It's also important to note that the product is a Greek style yoghurt, and once opened, it should be used within 3 days. The net weight is 250g, and the lot number is 25814.",1,67,29,0,20.559,114,
date_025.png,date,verbose,qwen3-vl:4b-instruct,2028-01,0,1,0,1.33,0,"Based on the information provided on the label in the image, the best before date is **01-28**.  This is typically interpreted as January 28, meaning the product is best consumed by January 28 of the year it was packaged (which is not explicitly stated, but the format implies a date within the same year as the label's production).  The label also indicates: - Product: Wholemeal bread - Storage: Keep refrigerated - Lot number: LOT 20140 - Net weight: 1L (likely a typo for 1kg, as bread is typically sold by weight, not liters) - Best before end: 01-28  Therefore, the best before date is **01-28**.",1,105,13,0,24.555,161,
label_pick_000.png,label_pick,verbose,qwen3-vl:4b-instruct,left,0,0,3.4,1.0,0,"Based on the image provided, the box containing baking soda is the **left one**.  Here's a description of the image: - The image shows two rectangular boxes side by side against a light purple background. - The box on the left is light blue and has a white label that reads ""Baking soda"" with ""200 g"" written below it. - The box on the right is green and has a white label that reads ""Baking powder"" with ""200 g"" written below it. - Both boxes are identical in weight (200 grams) but are clearly labeled with their respective contents.  Therefore, the baking soda is in the left box.",1,108,9,0,22.57,139,
label_pick_001.png,label_pick,verbose,qwen3-vl:4b-instruct,left,0,1,0,0.42,1,"Based on the image provided:  - The **left box** is green and labeled ""Baking soda"" with a volume of ""500 ml"". - The **right box** is teal and labeled ""Baking powder"" with a weight of ""200 g"".  The question asks which box is the baking soda.  **Answer: The left one.**",1,50,4,0,18.137,75,
label_pick_002.png,label_pick,verbose,qwen3-vl:4b-instruct,right,0,2,0,0.58,0,"Based on the image provided, the beef stock is in the box on the **right**.  Here's a breakdown of the image: - There are two rectangular boxes side by side. - The box on the **left** is purple and has the label ""Chicken stock"" with ""200 g"" written below it. - The box on the **right** is brown and has the label ""Beef stock"" with ""Family size"" written below it.  Therefore, the beef stock is in the right box.",1,79,11,0,20.08,106,
label_pick_003.png,label_pick,verbose,qwen3-vl:4b-instruct,right,0,0,6.1,1.0,1,"Based on the image provided:  - The image shows two boxes of milk side by side against a light purple background. - The box on the **left** is green and labeled ""Oat milk"". - The box on the **right** is pink and labeled ""Soy milk"".  Therefore, the soy milk is in the **right** box.",0,54,35,0,17.228,71,
label_pick_004.png,label_pick,verbose,qwen3-vl:4b-instruct,left,0,1,0,1.0,1,"Based on the image provided:  - The **left box** is green and labeled ""Baking soda"" with a volume of ""500 ml"". - The **right box** is brown and labeled ""Baking powder"" with a volume of ""1 L"".  The question asks which box contains baking soda.  **Answer: The left one.**",1,49,4,0,17.022,72,
label_pick_005.png,label_pick,verbose,qwen3-vl:4b-instruct,right,0,2,0,0.53,0,"Based on the image provided, the box that contains the dishwasher tablets is the **right one**.  Here's the reasoning: - The **left box** has the label ""Washing tablets"" and ""Family size"" written on it. - The **right box** has the label ""Dishwasher tablets"" and ""200 g"" written on it.  Therefore, the right box is the one for dishwasher tablets.",1,59,11,0,18.838,87,
label_pick_006.png,label_pick,verbose,qwen3-vl:4b-instruct,right,0,0,0,1.34,0,"Based on the image provided, the soy milk is in the **right** box.  Here's a description of the image: - There are two rectangular boxes side by side. - The **left box** is light green and labeled ""Oat milk"" with a volume of ""1 L"" (1 liter). - The **right box** is a slightly lighter shade of green and labeled ""Soy milk"" with a weight of ""200 g"" (200 grams).  Therefore, the soy milk is in the right box.",1,79,8,0,21.027,111,
label_pick_007.png,label_pick,verbose,qwen3-vl:4b-instruct,right,0,1,1.2,1.27,1,"Based on the image provided:  - The **left box** is yellow and labeled ""Baking soda"" with a volume of ""500 ml"". - The **right box** is light green and labeled ""Baking powder"" with the description ""Family size"".  Therefore, the **right box** is the baking powder.  **Answer: The right one.**",0,49,20,0,17.481,75,
label_pick_008.png,label_pick,verbose,qwen3-vl:4b-instruct,left,0,2,0,1.42,1,"Based on the image provided:  - There are two boxes side by side. - The box on the **left** is light blue and has the label ""Beef stock"" inside it. - The box on the **right** is light pink and has the label ""Chicken stock"" inside it. - Both boxes are marked as ""200 g"".  Therefore, the **left box** is the beef stock.  **Answer: The left one.**",1,67,15,0,19.022,93,
label_pick_009.png,label_pick,verbose,qwen3-vl:4b-instruct,left,0,0,0,1.0,0,"The image shows two milk cartons side by side against a light green background. The carton on the left is a muted green color and has a white label that reads “Whole milk” with “500 ml” written below it. The carton on the right is a lighter blue color and has a white label that reads “Skimmed milk” with “1 L” written below it.  The question asks which box is the whole milk. Based on the labels, the box on the left is labeled “Whole milk,” while the box on the right is labeled “Skimmed milk.”  Therefore, the whole milk is the **left one**.",1,104,15,0,23.307,135,
label_pick_010.png,label_pick,verbose,qwen3-vl:4b-instruct,right,0,1,0,0.52,0,"Based on the image provided:  - The **left box** is labeled ""Baking powder"" and has a weight of ""200 g"". - The **right box** is labeled ""Baking soda"" and is marked as ""Family size"".  Therefore, the box that contains baking soda is the **right one**.",0,45,19,0,17.053,67,
label_pick_011.png,label_pick,verbose,qwen3-vl:4b-instruct,left,0,2,6.0,1.0,0,"Based on the image provided:  - The image shows two boxes side by side against a purple background. - The box on the **left** is purple and has a white label that says ""Regular coffee"". - The box on the **right** is green and has a white label that says ""Decaf coffee"". - Both boxes are labeled as ""200 g"".  Therefore, the box that contains the regular coffee is the **left one**.",1,72,20,0,19.303,92,
label_pick_012.png,label_pick,verbose,qwen3-vl:4b-instruct,left,0,0,11.5,1.38,1,"Based on the image provided:  - The **left box** is pink and has the label ""Baking soda"" on a white label inside it. It also has ""Family size"" written on it. - The **right box** is white and has the label ""Baking powder"" on it, with ""1 L"" written below.  Therefore, the box that contains baking soda is the **left one**.",1,61,4,0,18.661,85,
label_pick_013.png,label_pick,verbose,qwen3-vl:4b-instruct,left,0,1,0,1.0,1,"Based on the image provided:  - There are two boxes shown side by side. - The box on the **left** is purple and has the text ""Washing tablets"" written inside it. - The box on the **right** is brown and has the text ""Dishwasher tablets"" written inside it.  Therefore, the washing tablets are in the **left** box.",1,57,16,0,17.748,77,
label_pick_014.png,label_pick,verbose,qwen3-vl:4b-instruct,left,0,2,-14.7,1.44,0,"Based on the image provided, the box containing the dishwasher tablets is the **left one**.  Here's the reasoning: - The left box has the text ""Dishwasher tablets"" clearly visible on its label. - The right box has the text ""Washing tablets"" on its label. - The left box also has ""500 ml"" written below the product name, which is a common volume measurement for dishwasher tablets.  Therefore, the answer is: **the left one**.",1,73,10,0,19.659,100,
label_pick_015.png,label_pick,verbose,qwen3-vl:4b-instruct,left,0,0,11.9,1.0,0,"Based on the image provided, we can identify the contents of each box by reading the labels.  - The box on the **left** has a beige color and is labeled ""Baking soda"". - The box on the **right** has a purple color and is labeled ""Baking powder"".  The question asks which box contains baking soda.  Therefore, the baking soda is in the **left** box.",1,64,19,0,18.11,82,
label_pick_016.png,label_pick,verbose,qwen3-vl:4b-instruct,left,0,1,0,1.0,1,"Based on the image provided:  - The image shows two boxes side by side against a purple background. - The box on the **left** is beige and has the label ""Washing tablets"" with ""1 L"" written below it. - The box on the **right** is reddish-pink and has the label ""Dishwasher tablets"" with ""200 g"" written below it.  The question asks which box is the washing tablets.  **Answer: The left one.**",1,71,20,0,20.011,101,
label_pick_017.png,label_pick,verbose,qwen3-vl:4b-instruct,left,0,2,0,1.0,0,"Based on the image provided, the soy milk is in the **left** box.  The image shows two boxes side by side: - The box on the **left** is pink and has the label ""Soy milk"". - The box on the **right** is purple and has the label ""Oat milk"".  Therefore, the left box contains soy milk.",1,56,8,0,18.198,74,
label_pick_018.png,label_pick,verbose,qwen3-vl:4b-instruct,right,0,0,0,0.58,0,"Based on the image provided:  - The **left box** is olive green and labeled ""Skimmed milk"" with a volume of ""1 L"". - The **right box** is dark blue and labeled ""Whole milk"" with a weight of ""200 g"".  The question asks which box is the whole milk.  **Answer: The right one.**",0,52,21,0,17.791,75,
label_pick_019.png,label_pick,verbose,qwen3-vl:4b-instruct,left,0,1,0.8,1.0,1,"Based on the image provided:  - The **left box** is **pinkish-brown** and has the label ""Baking soda"" on its white label. It also has the text ""Family size"" below the label. - The **right box** is **purple** and has the label ""Baking powder"" on its white label. It also has the text ""500 ml"" below the label.  Therefore, the box that contains baking soda is the **left one**.",1,68,4,0,20.404,101,
label_pick_020.png,label_pick,verbose,qwen3-vl:4b-instruct,left,0,2,0,0.55,1,"Based on the image provided:  - The image shows two milk cartons side by side. - The carton on the **left** is brown and has the label ""Whole milk"" on it. - The carton on the **right** is green and has the label ""Skimmed milk"" on it.  Therefore, the **left box** is the whole milk.  **Answer: The left one.**",1,59,17,0,19.226,85,
label_pick_021.png,label_pick,verbose,qwen3-vl:4b-instruct,right,0,0,0,1.0,1,"Based on the image provided:  - The image shows two boxes of milk against a pink background. - The box on the **left** is grey and has the label ""Skimmed milk"" with ""200 g"" written below it. - The box on the **right** is light grey and has the label ""Whole milk"" with ""200 g"" written below it.  Therefore, the box that contains whole milk is the **right one**.",0,69,39,0,19.95,96,
label_pick_022.png,label_pick,verbose,qwen3-vl:4b-instruct,right,0,1,0,0.46,0,"Based on the image provided, we can identify the contents of each box by their labels.  - The box on the **left** is labeled ""Beef stock"" and has a weight of ""200 g"". - The box on the **right** is labeled ""Chicken stock"" and has a volume of ""500 ml"".  The question asks which box is the chicken stock. According to the label on the right box, it is clearly marked as ""Chicken stock"".  Therefore, the **right** box is the chicken stock.",0,82,35,0,21.397,110,
label_pick_023.png,label_pick,verbose,qwen3-vl:4b-instruct,left,0,2,0,1.0,0,"Based on the image provided:  - The image shows two boxes of milk against a light purple background. - The box on the **left** is light green and has the label ""Oat milk"" on its white label. - The box on the **right** is purple and has the label ""Soy milk"" on its white label.  Therefore, the **left box** is the oat milk.  ✅ **Answer: The left one.**",1,68,20,0,19.455,91,
label_pick_024.png,label_pick,verbose,qwen3-vl:4b-instruct,right,0,0,0,0.49,0,"Based on the image provided:  - The **left box** is labeled ""Whole milk"" and has a capacity of ""1 L"". - The **right box** is labeled ""Skimmed milk"" and has a capacity of ""500 ml"".  Therefore, the box that contains skimmed milk is the **right one**.",0,46,19,0,14.458,69,
label_pick_025.png,label_pick,verbose,qwen3-vl:4b-instruct,left,0,1,0,1.22,1,"Based on the image provided:  - The **left box** is light blue and labeled ""Dishwasher tablets"" with a volume of ""500 ml"". - The **right box** is pink and labeled ""Washing tablets"" with a volume of ""1 L"".  The question asks which box is the dishwasher tablets.  **Answer: The left one.**",1,51,4,0,13.423,75,
medication_000.png,medication,verbose,qwen3-vl:4b-instruct,1,0,0,0,1.0,0,"Based on the provided image, the prescription instructions state:  ""Take 1 tablet 2 times a day""  This means the patient is to take **1 tablet per dose**.  Therefore, the answer is: **1 tablet per dose**.",1,35,7,0,18.385,50,
medication_001.png,medication,verbose,qwen3-vl:4b-instruct,1,0,1,0,0.6,0,"Based on the information provided in the image, the prescription instructions state:  ""Take 1 tablet 1 times a day""  Therefore, the patient is instructed to take **1 tablet per dose**.  The image also shows that the prescription is for 5 tablets total, and the dose is taken once daily with water.",1,51,10,0,19.673,65,
medication_002.png,medication,verbose,qwen3-vl:4b-instruct,2,0,2,14.7,0.56,0,"Based on the information visible on the prescription label in the image:  - The label indicates: ""Take 2 tablets 2 times a day"" - This means the patient should take 2 tablets per dose. - Since the dose is taken 2 times a day, the total daily dosage is 4 tablets.  Therefore, the number of tablets per dose is **2**.",1,60,14,0,21.356,77,
medication_003.png,medication,verbose,qwen3-vl:4b-instruct,4,0,0,0,1.33,1,"Based on the information provided in the image, the prescription instructs:  **Take 1 tablet 4 times a day**  Therefore, the medication should be taken **4 times a day**.",0,28,13,0,16.822,40,
medication_004.png,medication,verbose,qwen3-vl:4b-instruct,1,0,1,0,1.0,1,"Based on the information provided in the image, the medication should be taken:  **1 time a day**  The prescription clearly states: ""Take 1 tablet 1 times a day"".",1,28,10,0,16.748,38,
medication_005.png,medication,verbose,qwen3-vl:4b-instruct,500,0,2,0,1.0,1,"Based on the text in the image, the strength of the medication is **500 mg**.  The label clearly states: ""Amoxicillin 500 mg capsules"".",1,23,10,0,16.564,38,
medication_006.png,medication,verbose,qwen3-vl:4b-instruct,2,0,0,0,0.66,1,"Based on the information provided in the image, the prescription states:  **""Take 1 tablet 2 times a day""**  Therefore, the medication should be taken **2 times a day**.  Additionally, the instructions specify to take it **with food**.",0,37,13,0,18.042,54,
medication_007.png,medication,verbose,qwen3-vl:4b-instruct,2,0,1,0,1.0,0,"Based on the provided image, which shows a prescription label from Hillside Chemist:  - The medication is Metformin 500 mg tablets. - The instructions state: ""Take 2 tablets 2 times a day"".  This means the patient is instructed to take 2 tablets per dose.  Therefore, the answer is: **2 tablets per dose**.",0,52,23,0,20.248,75,
medication_008.png,medication,verbose,qwen3-vl:4b-instruct,1,0,2,1.4,1.0,1,"Based on the information in the image, the prescription instructions state:  ""Take 1 tablet 3 times a day""  This means the patient is instructed to take **1 tablet per dose**.  Therefore, the answer is: **1 tablet per dose**.",1,38,9,0,18.045,53,
medication_009.png,medication,verbose,qwen3-vl:4b-instruct,3,0,0,0,1.22,0,"Based on the provided image, which shows a prescription label from Hillside Chemist:  The instruction on the label clearly states: **""Take 1 tablet 3 times a day""**  Therefore, the medication should be taken **3 times a day**.",0,37,22,0,17.845,53,
medication_010.png,medication,verbose,qwen3-vl:4b-instruct,4,0,1,0,0.54,1,"Based on the provided image, the prescription instructions state:  **""Take 1 tablet 4 times a day""**  Therefore, the medication should be taken **4 times a day**.",0,26,11,0,16.805,39,
medication_011.png,medication,verbose,qwen3-vl:4b-instruct,500,0,2,0,1.0,0,"Based on the image provided, the strength of the medication is **500 mg**.  The label clearly states: ""Paracetamol 500 mg tablets"".",1,21,8,0,16.261,37,
medication_012.png,medication,verbose,qwen3-vl:4b-instruct,2,0,0,6.5,1.0,0,"Based on the prescription label in the image, the medication should be taken:  **2 times a day**  The label clearly states: ""Take 2 capsules 2 times a day"".",1,28,10,0,30.714,38,
medication_013.png,medication,verbose,qwen3-vl:4b-instruct,2,0,1,0,1.23,0,"Based on the provided image, the prescription instructions state:  **""Take 1 tablet 2 times a day""**  Therefore, the medication should be taken **2 times a day**.",0,26,11,0,16.313,39,
medication_014.png,medication,verbose,qwen3-vl:4b-instruct,20,0,2,0,1.0,0,"Based on the text in the image, the strength of the medication is **20 mg**.  The image shows a prescription label for ""Lisinopril 20 mg tablets"". This indicates that each tablet contains 20 milligrams of the active ingredient, Lisinopril.",1,39,10,0,18.921,60,
medication_015.png,medication,verbose,qwen3-vl:4b-instruct,5,0,0,0,1.0,0,"Based on the provided image, the strength of the medication is **5 mg**.  The label clearly states ""Lisinopril 5 mg tablets"" at the top of the prescription.",1,27,8,0,16.412,39,
medication_016.png,medication,verbose,qwen3-vl:4b-instruct,2,0,1,-11.3,1.0,0,"Based on the prescription label shown in the image, the instructions are:  **""Take 2 capsules 4 times a day""**  This means the patient is instructed to take **2 capsules per dose**.  Therefore, the answer is: **2 capsules per dose**.",1,39,10,0,18.848,56,
medication_017.png,medication,verbose,qwen3-vl:4b-instruct,2,0,2,-10.0,1.0,1,"Based on the information provided in the image, the prescription instructions state:  ""Take 2 tablets 4 times a day""  This means the patient is instructed to take 2 tablets per dose.  Therefore, the answer is: **2 tablets per dose**.",1,39,10,0,17.961,53,
medication_018.png,medication,verbose,qwen3-vl:4b-instruct,1,0,0,-9.2,0.54,0,"Based on the prescription label in the image, the instructions are:  ""Take 1 tablet 3 times a day""  This means the patient is to take **1 tablet per dose**.  The label also indicates: - Drug: Ibuprofen 200 mg tablets - Quantity: 21 tablets total - Patient: R. Khan - Dispensed: 17/10/2026  Therefore, the number of tablets per dose is **1**.",1,60,9,0,22.527,102,
medication_019.png,medication,verbose,qwen3-vl:4b-instruct,20,0,1,0,0.42,0,"Based on the text in the image, the strength of the medication is **20 mg**.  The image shows a prescription label for ""Atorvastatin 20 mg tablets"", which explicitly states the strength.",1,31,10,0,17.233,46,
medication_020.png,medication,verbose,qwen3-vl:4b-instruct,500,0,2,14.0,1.0,1,"Based on the image provided, the prescription label indicates the following:  - **Pharmacy**: Greenway Pharmacy - **Medication**: Paracetamol - **Strength**: 500 mg tablets - **Dosage Instructions**: Take 1 tablet 1 times a day - **Quantity**: 14 tablets - **Patient**: R. Khan - **Dispensed Date**: 22/01/2026  The strength of the medication is **500 mg**.",1,53,17,0,23.441,108,
medication_021.png,medication,verbose,qwen3-vl:4b-instruct,20,0,0,0,1.0,0,"Based on the provided image, the strength of the medication is **20 mg**.  The image shows a prescription label from Greenway Pharmacy for ""Lisinopril 20 mg tablets"". This indicates that each tablet contains 20 milligrams of the active ingredient, Lisinopril.",1,40,8,0,18.874,62,
medication_022.png,medication,verbose,qwen3-vl:4b-instruct,250,0,1,0,1.41,0,"Based on the image provided, the strength of the medication is **250 mg**.  The label clearly states: ""Amoxicillin 250 mg capsules"".",1,21,8,0,16.198,36,
medication_023.png,medication,verbose,qwen3-vl:4b-instruct,500,0,2,0,1.39,0,"Based on the text in the image, the strength of the medication is **500 mg**.  The label clearly states: ""Amoxicillin 500 mg capsules"".",1,23,10,0,16.507,38,
medication_024.png,medication,verbose,qwen3-vl:4b-instruct,10,0,0,1.8,1.0,0,"Based on the provided image, the strength of the medication is **10 mg**.  The label clearly states: ""Atorvastatin 10 mg tablets"".",1,21,8,0,16.402,36,
medication_025.png,medication,verbose,qwen3-vl:4b-instruct,2,0,1,7.9,1.47,0,"Based on the prescription label in the image, the instructions are:  **""Take 2 tablets 1 times a day""**  This means the patient is to take **2 tablets per dose**.  Additionally, the label indicates: - The medication is **Metformin 500 mg tablets** - The total quantity dispensed is **28 tablets** - The patient is **M. Lee** - The prescription was **dispensed on 21/02/2026**  Therefore, the answer is: **2 tablets per dose**.",1,70,9,0,23.622,116,
button_000.png,button,verbose,qwen3-vl:4b-instruct,bottom right,0,0,-6.4,1.0,1,The +30 Sec button is located in the bottom right.,1,10,6,0,14.168,14,
button_001.png,button,verbose,qwen3-vl:4b-instruct,top left,0,1,0,1.25,1,The Menu button is located at the top left.,1,9,5,0,13.42,11,
button_002.png,button,verbose,qwen3-vl:4b-instruct,middle left,0,2,0,1.0,1,"The Clock button is located in the middle row, left column.",1,11,6,0,14.38,14,
button_003.png,button,verbose,qwen3-vl:4b-instruct,top left,0,0,10.7,1.0,1,The Cancel button is located in the top left.,1,9,5,0,13.618,11,
button_004.png,button,verbose,qwen3-vl:4b-instruct,bottom right,0,1,-14.0,1.48,0,"The Start button is located in the bottom right, which corresponds to the third row and third column.",1,18,5,0,15.059,21,
button_005.png,button,verbose,qwen3-vl:4b-instruct,bottom left,0,2,0,1.22,1,The Stop button is located at the bottom left.,1,9,5,0,13.789,11,
button_006.png,button,verbose,qwen3-vl:4b-instruct,top right,0,0,0,1.0,0,The Stop button is located in the top right.,1,9,5,0,14.027,11,
button_007.png,button,verbose,qwen3-vl:4b-instruct,top right,0,1,0,0.48,0,The Power button is located in the top right.,1,9,5,0,13.848,11,
button_008.png,button,verbose,qwen3-vl:4b-instruct,bottom centre,0,2,0,0.4,1,"The Auto button is located in the middle row, center column.",0,11,,0,14.846,14,
button_009.png,button,verbose,qwen3-vl:4b-instruct,bottom left,0,0,14.2,0.39,1,The Clock button is located in the bottom left.,1,9,5,0,14.163,11,
button_010.png,button,verbose,qwen3-vl:4b-instruct,middle centre,0,1,0,1.0,1,"The Timer button is located in the middle row, center column.",1,11,4,0,14.609,14,
button_011.png,button,verbose,qwen3-vl:4b-instruct,middle right,0,2,0,1.31,0,"The Grill button is in the middle row, right column.",1,10,5,0,14.705,13,
button_012.png,button,verbose,qwen3-vl:4b-instruct,top centre,0,0,0,1.0,0,The Timer button is located in the top center.,1,9,5,0,13.81,11,
button_013.png,button,verbose,qwen3-vl:4b-instruct,bottom centre,0,1,-2.6,1.0,0,The Start button is located in the bottom center.,1,9,5,0,14.257,11,
button_014.png,button,verbose,qwen3-vl:4b-instruct,top right,0,2,0,1.5,0,The Timer button is in the top right.,1,8,4,0,13.751,10,
button_015.png,button,verbose,qwen3-vl:4b-instruct,middle right,0,0,13.4,1.0,0,"The image shows a 3x3 grid of buttons on a control panel, likely for a kitchen appliance such as a grill or oven. The buttons are labeled as follows:  - Top row: GRILL (left), START (middle), STOP (right) - Middle row: TIMER (left), POWER (middle), AUTO (right) - Bottom row: CLOCK (left), +30 SEC (middle), MENU (right)  The ""Auto"" button is located in the **middle row, right column**.",1,68,34,0,23.752,105,
button_016.png,button,verbose,qwen3-vl:4b-instruct,top centre,0,1,-8.5,0.68,1,The Clock button is located at the top center.,1,9,5,0,13.958,11,
button_017.png,button,verbose,qwen3-vl:4b-instruct,top centre,0,2,5.4,1.0,1,The +30 Sec button is located in the top center of the grid.,1,13,6,0,14.261,17,
button_018.png,button,verbose,qwen3-vl:4b-instruct,top centre,0,0,5.1,1.34,1,The Power button is located at the top center.,1,9,5,0,14.365,11,
button_019.png,button,verbose,qwen3-vl:4b-instruct,top left,0,1,0,1.0,1,The Clock button is in the top left.,1,8,4,0,14.156,10,
button_020.png,button,verbose,qwen3-vl:4b-instruct,bottom centre,0,2,4.3,1.44,0,"The Auto button is located in the middle row, center column.",0,11,,0,14.584,14,
button_021.png,button,verbose,qwen3-vl:4b-instruct,middle left,0,0,12.5,1.0,0,"The +30 Sec button is located in the middle row, left column.",1,12,7,0,14.821,17,
button_022.png,button,verbose,qwen3-vl:4b-instruct,top right,0,1,0,1.0,1,The Menu button is located in the top right.,1,9,5,0,14.366,11,
button_023.png,button,verbose,qwen3-vl:4b-instruct,bottom right,0,2,0,1.0,1,"The Stop button is located in the bottom right, which is the third row and third column.",1,17,5,0,15.203,20,
button_024.png,button,verbose,qwen3-vl:4b-instruct,middle left,0,0,-9.2,1.0,0,"The Start button is located in the middle row, left column.",1,11,6,0,14.627,14,
button_025.png,button,verbose,qwen3-vl:4b-instruct,top left,0,1,0,1.0,1,The Menu button is located at the top left.,1,9,5,0,14.394,11,
dial_000.png,dial,terse,qwen3-vl:4b-instruct,60,10,0,0,0.66,0,150 degrees Celsius,0,3,,0,13.951,6,
dial_001.png,dial,terse,qwen3-vl:4b-instruct,19,1,1,0,1.0,0,22 degrees Celsius,0,3,,0,13.798,5,
dial_002.png,dial,terse,qwen3-vl:4b-instruct,12,0,2,-4.1,1.2,0,I can't tell.,0,3,,1,13.359,6,
dial_003.png,dial,terse,qwen3-vl:4b-instruct,10,0,0,-6.0,1.0,1,I can't tell,0,3,,1,14.092,5,
dial_004.png,dial,terse,qwen3-vl:4b-instruct,11,0,1,-9.0,1.0,1,I can't tell,0,3,,1,13.381,5,
dial_005.png,dial,terse,qwen3-vl:4b-instruct,21,1,2,0,1.29,1,I can't tell.,0,3,,1,13.985,6,
dial_006.png,dial,terse,qwen3-vl:4b-instruct,21,1,0,0,0.64,0,21 degrees Celsius,1,3,0,0,13.375,5,
dial_007.png,dial,terse,qwen3-vl:4b-instruct,60,10,1,0,1.38,0,75 degrees Celsius,0,3,,0,13.991,5,
dial_008.png,dial,terse,qwen3-vl:4b-instruct,17,1,2,5.9,1.0,0,I can't tell.,0,3,,1,13.579,6,
dial_009.png,dial,terse,qwen3-vl:4b-instruct,19,1,0,-8.5,1.0,0,20 degrees Celsius,1,3,0,0,13.653,5,
dial_010.png,dial,terse,qwen3-vl:4b-instruct,26,1,1,0,1.0,1,26 degrees Celsius,1,3,0,0,13.647,5,
dial_011.png,dial,terse,qwen3-vl:4b-instruct,60,10,2,0,1.43,0,I can't tell.,0,3,,1,13.718,6,
dial_012.png,dial,terse,qwen3-vl:4b-instruct,190,10,0,0,1.0,1,170 degrees Celsius,0,3,,0,13.909,6,
dial_013.png,dial,terse,qwen3-vl:4b-instruct,80,10,1,0,0.44,0,I can't tell.,0,3,,1,13.454,6,
dial_014.png,dial,terse,qwen3-vl:4b-instruct,4,0,2,11.6,0.6,0,I can't tell.,0,3,,1,13.901,6,
dial_015.png,dial,terse,qwen3-vl:4b-instruct,30,1,0,11.3,1.0,1,26 degrees Celsius,0,3,,0,13.264,5,
dial_016.png,dial,terse,qwen3-vl:4b-instruct,10,0,1,0,1.0,1,10,1,1,0,0,13.375,3,
dial_017.png,dial,terse,qwen3-vl:4b-instruct,3,0,2,1.3,1.48,1,I can't tell,0,3,,1,13.138,5,
dial_018.png,dial,terse,qwen3-vl:4b-instruct,210,10,0,0,1.0,1,180 degrees Celsius,0,3,,0,13.926,6,
dial_019.png,dial,terse,qwen3-vl:4b-instruct,80,10,1,0,1.0,1,I can't tell,0,3,,1,13.483,5,
dial_020.png,dial,terse,qwen3-vl:4b-instruct,190,10,2,6.3,1.0,0,170 degrees,0,2,,0,13.489,5,
dial_021.png,dial,terse,qwen3-vl:4b-instruct,28,1,0,0,0.68,0,26 degrees Celsius,0,3,,0,13.175,5,
dial_022.png,dial,terse,qwen3-vl:4b-instruct,27,1,1,0,1.48,0,24 degrees Celsius,0,3,,0,13.878,5,
dial_023.png,dial,terse,qwen3-vl:4b-instruct,100,10,2,9.1,1.49,0,I can't tell.,0,3,,1,13.907,6,
dial_024.png,dial,terse,qwen3-vl:4b-instruct,110,10,0,0,1.0,0,140 degrees Celsius,0,3,,0,13.747,6,
dial_025.png,dial,terse,qwen3-vl:4b-instruct,9,0,1,-8.0,1.0,1,I can't tell,0,3,,1,14.077,5,
readout_000.png,readout,terse,qwen3-vl:4b-instruct,140,0,0,13.1,1.3,0,348 degrees,0,2,,0,13.859,5,
readout_001.png,readout,terse,qwen3-vl:4b-instruct,155,0,1,0,1.0,0,888 degrees,0,2,,0,14.2,5,
readout_002.png,readout,terse,qwen3-vl:4b-instruct,6:48,0,2,0,0.6,0,8:48,0,1,,0,13.903,5,
readout_003.png,readout,terse,qwen3-vl:4b-instruct,220,0,0,0,0.55,1,220,1,1,0,0,13.595,4,
readout_004.png,readout,terse,qwen3-vl:4b-instruct,9:01,0,1,0,1.21,0,8:08,0,1,,0,13.821,5,
readout_005.png,readout,terse,qwen3-vl:4b-instruct,210,0,2,0,1.33,1,280 degrees,0,2,,0,13.482,5,
readout_006.png,readout,terse,qwen3-vl:4b-instruct,102.6,0,0,-12.1,1.0,1,102.6 pounds,1,2,0,0,13.868,7,
readout_007.png,readout,terse,qwen3-vl:4b-instruct,109.2,0,1,0,1.22,1,888.8 pounds,0,2,,0,14.046,7,
readout_008.png,readout,terse,qwen3-vl:4b-instruct,100.9,0,2,0,1.0,1,100.9 pounds,1,2,0,0,13.783,7,
readout_009.png,readout,terse,qwen3-vl:4b-instruct,87.5,0,0,0,1.0,0,88.8 pounds,0,2,,0,14.072,6,
readout_010.png,readout,terse,qwen3-vl:4b-instruct,71.0,0,1,0,0.45,0,0.0 pounds,0,2,,0,13.476,5,
readout_011.png,readout,terse,qwen3-vl:4b-instruct,25.5,0,2,-10.0,0.35,0,88.8 degrees,0,2,,0,14.027,6,
readout_012.png,readout,terse,qwen3-vl:4b-instruct,160,0,0,-0.7,1.0,1,360 degrees,0,2,,0,13.397,5,
readout_013.png,readout,terse,qwen3-vl:4b-instruct,125,0,1,0,1.0,0,828 degrees,0,2,,0,13.826,5,
readout_014.png,readout,terse,qwen3-vl:4b-instruct,72.7,0,2,-5.0,1.42,1,88.8 pounds,0,2,,0,13.766,6,
readout_015.png,readout,terse,qwen3-vl:4b-instruct,97.7,0,0,0,1.0,0,I can't tell.,0,3,,1,13.516,6,
readout_016.png,readout,terse,qwen3-vl:4b-instruct,145,0,1,0,1.0,0,888 degrees,0,2,,0,13.312,5,
readout_017.png,readout,terse,qwen3-vl:4b-instruct,165,0,2,2.7,1.0,1,888,0,1,,0,13.502,4,
readout_018.png,readout,terse,qwen3-vl:4b-instruct,3:56,0,0,1.7,1.0,1,8:56,0,1,,0,13.604,5,
readout_019.png,readout,terse,qwen3-vl:4b-instruct,18:47,0,1,0,1.0,0,8:88,0,1,,0,13.522,5,
readout_020.png,readout,terse,qwen3-vl:4b-instruct,69.3,0,2,0,1.41,0,89.3 pounds,0,2,,0,13.961,6,
readout_021.png,readout,terse,qwen3-vl:4b-instruct,2:54,0,0,0,1.0,1,8:58,0,1,,0,13.327,5,
readout_022.png,readout,terse,qwen3-vl:4b-instruct,29.5,0,1,3.8,0.57,0,88.8 degrees,0,2,,0,13.959,6,
readout_023.png,readout,terse,qwen3-vl:4b-instruct,19.0,0,2,0,1.25,0,89.0 degrees,0,2,,0,13.576,6,
readout_024.png,readout,terse,qwen3-vl:4b-instruct,245,0,0,0,0.48,1,288 degrees,0,2,,0,13.506,5,
readout_025.png,readout,terse,qwen3-vl:4b-instruct,26.0,0,1,0,1.0,0,88.0 degrees,0,2,,0,13.581,6,
date_000.png,date,terse,qwen3-vl:4b-instruct,2027-12,0,0,13.7,1.0,0,12-27,1,1,0,0,13.75,6,
date_001.png,date,terse,qwen3-vl:4b-instruct,2025-05-07,0,1,0,0.37,1,07 MAY 25,1,3,0,0,13.899,7,
date_002.png,date,terse,qwen3-vl:4b-instruct,2027-05-11,0,2,0,1.0,0,11/05/2027,1,1,0,0,14.283,11,
date_003.png,date,terse,qwen3-vl:4b-instruct,2025-08,0,0,9.6,1.0,1,08-25,1,1,0,0,13.769,6,
date_004.png,date,terse,qwen3-vl:4b-instruct,2025-05-28,0,1,0,0.66,0,28 MAY 25,1,3,0,0,13.594,7,
date_005.png,date,terse,qwen3-vl:4b-instruct,2027-06-04,0,2,0,1.0,0,04 JUN 2027,1,3,0,0,14.188,10,
date_006.png,date,terse,qwen3-vl:4b-instruct,2027-07-15,0,0,0,0.41,0,15/07/2027,1,1,0,0,14.227,11,
date_007.png,date,terse,qwen3-vl:4b-instruct,2026-11-14,0,1,0.8,1.0,0,14/11/2026,1,1,0,0,14.453,11,
date_008.png,date,terse,qwen3-vl:4b-instruct,2028-07-21,0,2,0,1.0,0,2028-07-21,1,1,0,0,13.998,11,
date_009.png,date,terse,qwen3-vl:4b-instruct,2027-08,0,0,12.7,1.45,0,AUG 2027,1,2,0,0,14.027,8,
date_010.png,date,terse,qwen3-vl:4b-instruct,2026-07-23,0,1,0,1.21,0,23JUL26,1,1,0,0,13.885,7,
date_011.png,date,terse,qwen3-vl:4b-instruct,2026-03-10,0,2,0,1.0,0,10/03/2026,1,1,0,0,14.483,11,
date_012.png,date,terse,qwen3-vl:4b-instruct,2028-09-22,0,0,14.5,1.0,1,22.09.28,1,1,0,0,13.239,9,
date_013.png,date,terse,qwen3-vl:4b-instruct,2028-05-23,0,1,0,1.0,0,23.05.28,1,1,0,0,13.557,9,
date_014.png,date,terse,qwen3-vl:4b-instruct,2026-11-27,0,2,0,0.42,1,27/11/2026,1,1,0,0,13.362,11,
date_015.png,date,terse,qwen3-vl:4b-instruct,2026-10-25,0,0,0,1.0,0,25.10.26,1,1,0,0,13.409,9,
date_016.png,date,terse,qwen3-vl:4b-instruct,2027-05-05,0,1,0,0.66,1,05 MAY 27,1,3,0,0,13.297,7,
date_017.png,date,terse,qwen3-vl:4b-instruct,2026-12,0,2,5.2,1.0,0,2026-12,0,1,,0,13.205,8,
date_018.png,date,terse,qwen3-vl:4b-instruct,2026-10-27,0,0,-6.7,1.2,0,27 OCT 2026,1,3,0,0,13.19,9,
date_019.png,date,terse,qwen3-vl:4b-instruct,2027-04,0,1,0,1.0,1,2027-04,0,1,,0,13.306,8,
date_020.png,date,terse,qwen3-vl:4b-instruct,2028-06-03,0,2,0,0.48,0,03.06.28,1,1,0,0,13.604,9,
date_021.png,date,terse,qwen3-vl:4b-instruct,2026-03-16,0,0,-8.0,1.0,1,16 MAR 2026,1,3,0,0,13.153,9,
date_022.png,date,terse,qwen3-vl:4b-instruct,2026-01-04,0,1,4.4,1.0,1,04/01/2026,1,1,0,0,13.618,11,
date_023.png,date,terse,qwen3-vl:4b-instruct,2027-08-25,0,2,11.0,1.42,0,25/08/2027,1,1,0,0,13.524,11,
date_024.png,date,terse,qwen3-vl:4b-instruct,2027-12,0,0,0,1.0,0,2027-12,0,1,,0,13.64,8,
date_025.png,date,terse,qwen3-vl:4b-instruct,2028-01,0,1,0,1.33,0,01-28,1,1,0,0,12.487,6,
label_pick_000.png,label_pick,terse,qwen3-vl:4b-instruct,left,0,0,3.4,1.0,0,left one,1,2,0,0,13.263,3,
label_pick_001.png,label_pick,terse,qwen3-vl:4b-instruct,left,0,1,0,0.42,1,left one,1,2,0,0,12.866,3,
label_pick_002.png,label_pick,terse,qwen3-vl:4b-instruct,right,0,2,0,0.58,0,right one,1,2,0,0,13.021,3,
label_pick_003.png,label_pick,terse,qwen3-vl:4b-instruct,right,0,0,6.1,1.0,1,right one,1,2,0,0,13.271,3,
label_pick_004.png,label_pick,terse,qwen3-vl:4b-instruct,left,0,1,0,1.0,1,left one,1,2,0,0,13.183,3,
label_pick_005.png,label_pick,terse,qwen3-vl:4b-instruct,right,0,2,0,0.53,0,right one,1,2,0,0,13.224,3,
label_pick_006.png,label_pick,terse,qwen3-vl:4b-instruct,right,0,0,0,1.34,0,right one,1,2,0,0,13.002,3,
label_pick_007.png,label_pick,terse,qwen3-vl:4b-instruct,right,0,1,1.2,1.27,1,right one,1,2,0,0,13.291,3,
label_pick_008.png,label_pick,terse,qwen3-vl:4b-instruct,left,0,2,0,1.42,1,left one,1,2,0,0,13.228,3,
label_pick_009.png,label_pick,terse,qwen3-vl:4b-instruct,left,0,0,0,1.0,0,left one,1,2,0,0,13.446,3,
label_pick_010.png,label_pick,terse,qwen3-vl:4b-instruct,right,0,1,0,0.52,0,right one,1,2,0,0,12.838,3,
label_pick_011.png,label_pick,terse,qwen3-vl:4b-instruct,left,0,2,6.0,1.0,0,left one,1,2,0,0,13.341,3,
label_pick_012.png,label_pick,terse,qwen3-vl:4b-instruct,left,0,0,11.5,1.38,1,left one,1,2,0,0,13.577,3,
label_pick_013.png,label_pick,terse,qwen3-vl:4b-instruct,left,0,1,0,1.0,1,left one,1,2,0,0,13.204,3,
label_pick_014.png,label_pick,terse,qwen3-vl:4b-instruct,left,0,2,-14.7,1.44,0,left one,1,2,0,0,13.844,3,
label_pick_015.png,label_pick,terse,qwen3-vl:4b-instruct,left,0,0,11.9,1.0,0,left one,1,2,0,0,13.462,3,
label_pick_016.png,label_pick,terse,qwen3-vl:4b-instruct,left,0,1,0,1.0,1,left one,1,2,0,0,13.413,3,
label_pick_017.png,label_pick,terse,qwen3-vl:4b-instruct,left,0,2,0,1.0,0,left one,1,2,0,0,13.359,3,
label_pick_018.png,label_pick,terse,qwen3-vl:4b-instruct,right,0,0,0,0.58,0,right one,1,2,0,0,13.901,3,
label_pick_019.png,label_pick,terse,qwen3-vl:4b-instruct,left,0,1,0.8,1.0,1,left one,1,2,0,0,13.08,3,
label_pick_020.png,label_pick,terse,qwen3-vl:4b-instruct,left,0,2,0,0.55,1,left one,1,2,0,0,13.682,3,
label_pick_021.png,label_pick,terse,qwen3-vl:4b-instruct,right,0,0,0,1.0,1,right one,1,2,0,0,13.355,3,
label_pick_022.png,label_pick,terse,qwen3-vl:4b-instruct,right,0,1,0,0.46,0,right one,1,2,0,0,13.626,3,
label_pick_023.png,label_pick,terse,qwen3-vl:4b-instruct,left,0,2,0,1.0,0,left one,1,2,0,0,13.606,3,
label_pick_024.png,label_pick,terse,qwen3-vl:4b-instruct,right,0,0,0,0.49,0,right one,1,2,0,0,13.109,3,
label_pick_025.png,label_pick,terse,qwen3-vl:4b-instruct,left,0,1,0,1.22,1,left one,1,2,0,0,13.472,3,
medication_000.png,medication,terse,qwen3-vl:4b-instruct,1,0,0,0,1.0,0,1 tablet,1,2,0,0,13.363,3,
medication_001.png,medication,terse,qwen3-vl:4b-instruct,1,0,1,0,0.6,0,1 tablet,1,2,0,0,13.33,3,
medication_002.png,medication,terse,qwen3-vl:4b-instruct,2,0,2,14.7,0.56,0,2 tablets,1,2,0,0,12.677,3,
medication_003.png,medication,terse,qwen3-vl:4b-instruct,4,0,0,0,1.33,1,4 times a day,1,4,0,0,13.338,5,
medication_004.png,medication,terse,qwen3-vl:4b-instruct,1,0,1,0,1.0,1,1 time a day,1,4,0,0,13.207,5,
medication_005.png,medication,terse,qwen3-vl:4b-instruct,500,0,2,0,1.0,1,500 mg,1,2,0,0,13.797,5,
medication_006.png,medication,terse,qwen3-vl:4b-instruct,2,0,0,0,0.66,1,2 times a day,1,4,0,0,13.032,5,
medication_007.png,medication,terse,qwen3-vl:4b-instruct,2,0,1,0,1.0,0,2 tablets,1,2,0,0,13.266,3,
medication_008.png,medication,terse,qwen3-vl:4b-instruct,1,0,2,1.4,1.0,1,1 tablet,1,2,0,0,13.07,3,
medication_009.png,medication,terse,qwen3-vl:4b-instruct,3,0,0,0,1.22,0,3 times a day,1,4,0,0,14.271,5,
medication_010.png,medication,terse,qwen3-vl:4b-instruct,4,0,1,0,0.54,1,4 times a day,1,4,0,0,13.525,5,
medication_011.png,medication,terse,qwen3-vl:4b-instruct,500,0,2,0,1.0,0,500 mg,1,2,0,0,13.014,5,
medication_012.png,medication,terse,qwen3-vl:4b-instruct,2,0,0,6.5,1.0,0,2 times a day,1,4,0,0,13.761,5,
medication_013.png,medication,terse,qwen3-vl:4b-instruct,2,0,1,0,1.23,0,2 times a day,1,4,0,0,12.939,5,
medication_014.png,medication,terse,qwen3-vl:4b-instruct,20,0,2,0,1.0,0,20 mg,1,2,0,0,13.408,4,
medication_015.png,medication,terse,qwen3-vl:4b-instruct,5,0,0,0,1.0,0,5 mg,1,2,0,0,13.063,3,
medication_016.png,medication,terse,qwen3-vl:4b-instruct,2,0,1,-11.3,1.0,0,2 capsules,1,2,0,0,12.969,3,
medication_017.png,medication,terse,qwen3-vl:4b-instruct,2,0,2,-10.0,1.0,1,2 tablets,1,2,0,0,12.926,3,
medication_018.png,medication,terse,qwen3-vl:4b-instruct,1,0,0,-9.2,0.54,0,1 tablet,1,2,0,0,12.915,3,
medication_019.png,medication,terse,qwen3-vl:4b-instruct,20,0,1,0,0.42,0,20 mg,1,2,0,0,13.748,4,
medication_020.png,medication,terse,qwen3-vl:4b-instruct,500,0,2,14.0,1.0,1,500 mg,1,2,0,0,12.971,5,
medication_021.png,medication,terse,qwen3-vl:4b-instruct,20,0,0,0,1.0,0,20 mg,1,2,0,0,13.501,4,
medication_022.png,medication,terse,qwen3-vl:4b-instruct,250,0,1,0,1.41,0,250 mg,1,2,0,0,13.477,5,
medication_023.png,medication,terse,qwen3-vl:4b-instruct,500,0,2,0,1.39,0,500 mg,1,2,0,0,13.368,5,
medication_024.png,medication,terse,qwen3-vl:4b-instruct,10,0,0,1.8,1.0,0,10 mg,1,2,0,0,13.149,4,
medication_025.png,medication,terse,qwen3-vl:4b-instruct,2,0,1,7.9,1.47,0,2 tablets,1,2,0,0,12.867,3,
button_000.png,button,terse,qwen3-vl:4b-instruct,bottom right,0,0,-6.4,1.0,1,bottom right,1,2,0,0,12.984,3,
button_001.png,button,terse,qwen3-vl:4b-instruct,top left,0,1,0,1.25,1,top left,1,2,0,0,12.771,3,
button_002.png,button,terse,qwen3-vl:4b-instruct,middle left,0,2,0,1.0,1,middle left,1,2,0,0,13.436,3,
button_003.png,button,terse,qwen3-vl:4b-instruct,top left,0,0,10.7,1.0,1,top left,1,2,0,0,12.823,3,
button_004.png,button,terse,qwen3-vl:4b-instruct,bottom right,0,1,-14.0,1.48,0,bottom right,1,2,0,0,13.475,3,
button_005.png,button,terse,qwen3-vl:4b-instruct,bottom left,0,2,0,1.22,1,bottom left,1,2,0,0,12.853,3,
button_006.png,button,terse,qwen3-vl:4b-instruct,top right,0,0,0,1.0,0,top right,1,2,0,0,13.484,3,
button_007.png,button,terse,qwen3-vl:4b-instruct,top right,0,1,0,0.48,0,top right,1,2,0,0,13.324,3,
button_008.png,button,terse,qwen3-vl:4b-instruct,bottom centre,0,2,0,0.4,1,middle centre,0,2,,0,13.478,3,
button_009.png,button,terse,qwen3-vl:4b-instruct,bottom left,0,0,14.2,0.39,1,bottom left,1,2,0,0,13.391,3,
button_010.png,button,terse,qwen3-vl:4b-instruct,middle centre,0,1,0,1.0,1,middle centre,1,2,0,0,13.204,3,
button_011.png,button,terse,qwen3-vl:4b-instruct,middle right,0,2,0,1.31,0,middle right,1,2,0,0,13.328,3,
button_012.png,button,terse,qwen3-vl:4b-instruct,top centre,0,0,0,1.0,0,top centre,1,2,0,0,12.841,3,
button_013.png,button,terse,qwen3-vl:4b-instruct,bottom centre,0,1,-2.6,1.0,0,bottom middle,1,2,0,0,13.203,3,
button_014.png,button,terse,qwen3-vl:4b-instruct,top right,0,2,0,1.5,0,top right,1,2,0,0,13.189,3,
button_015.png,button,terse,qwen3-vl:4b-instruct,middle right,0,0,13.4,1.0,0,middle right,1,2,0,0,13.373,3,
button_016.png,button,terse,qwen3-vl:4b-instruct,top centre,0,1,-8.5,0.68,1,top centre,1,2,0,0,13.28,3,
button_017.png,button,terse,qwen3-vl:4b-instruct,top centre,0,2,5.4,1.0,1,top centre,1,2,0,0,13.377,3,
button_018.png,button,terse,qwen3-vl:4b-instruct,top centre,0,0,5.1,1.34,1,top centre,1,2,0,0,13.188,3,
button_019.png,button,terse,qwen3-vl:4b-instruct,top left,0,1,0,1.0,1,top left,1,2,0,0,12.936,3,
button_020.png,button,terse,qwen3-vl:4b-instruct,bottom centre,0,2,4.3,1.44,0,middle centre,0,2,,0,13.077,3,
button_021.png,button,terse,qwen3-vl:4b-instruct,middle left,0,0,12.5,1.0,0,middle left,1,2,0,0,13.064,3,
button_022.png,button,terse,qwen3-vl:4b-instruct,top right,0,1,0,1.0,1,top right,1,2,0,0,13.568,3,
button_023.png,button,terse,qwen3-vl:4b-instruct,bottom right,0,2,0,1.0,1,bottom right,1,2,0,0,13.125,3,
button_024.png,button,terse,qwen3-vl:4b-instruct,middle left,0,0,-9.2,1.0,0,middle left,1,2,0,0,13.244,3,
button_025.png,button,terse,qwen3-vl:4b-instruct,top left,0,1,0,1.0,1,top left,1,2,0,0,13.256,3,
dial_000.png,dial,terse_ocr,qwen3-vl:4b-instruct,60,10,0,0,0.66,0,130 degrees Celsius,0,3,,0,13.779,6,110 | — 90 | - 70 | 50 | 130 | 150 | / | 170 | 190 | 210- | 250 | OVEN °C
dial_001.png,dial,terse_ocr,qwen3-vl:4b-instruct,19,1,1,0,1.0,0,20 degrees Celsius,1,3,0,0,13.945,5,20 | 18 | 22 | 16 | 14 | 12 | 10 | THERMOSTAT 'C | 24 | 26 | - | 28
dial_002.png,dial,terse_ocr,qwen3-vl:4b-instruct,12,0,2,-4.1,1.2,0,I can't tell.,0,3,,1,13.692,6,
dial_003.png,dial,terse_ocr,qwen3-vl:4b-instruct,10,0,0,-6.0,1.0,1,I can't tell,0,3,,1,13.789,5,- | 3 | 2 | 1 | 6 | 5 | 8 | 12 | WASHER | 9 | 10 | 11
dial_004.png,dial,terse_ocr,qwen3-vl:4b-instruct,11,0,1,-9.0,1.0,1,I can't tell,0,3,,1,14.04,5,2 | 5 | / | 8 | 10 → | 11 | 12 | WASHER
dial_005.png,dial,terse_ocr,qwen3-vl:4b-instruct,21,1,2,0,1.29,1,I can't tell,0,3,,1,13.192,5,
dial_006.png,dial,terse_ocr,qwen3-vl:4b-instruct,21,1,0,0,0.64,0,21 degrees Celsius,1,3,0,0,13.394,5,16 | - 14 | 12 | 10 | 18 | 20 | 22 | THERMOSTAT °C | 24 | 26 - | 28 | - | 30
dial_007.png,dial,terse_ocr,qwen3-vl:4b-instruct,60,10,1,0,1.38,0,70 degrees Celsius,1,3,0,0,14.246,5,"110 | 90 | - | 70 | ,50 | 150 | 130 | / | 170 | 190 | 210 | 230- | 250 | OVEN 'C"
dial_008.png,dial,terse_ocr,qwen3-vl:4b-instruct,17,1,2,5.9,1.0,0,I can't tell.,0,3,,1,13.396,6,
dial_009.png,dial,terse_ocr,qwen3-vl:4b-instruct,19,1,0,-8.5,1.0,0,20 degrees Celsius,1,3,0,0,13.717,5,18 | 20 | 16 | 14 | 12 | 10 | / | THERMOSTAT °C | / | 22 | / | 24 | 26~ | 28 m | 30
dial_010.png,dial,terse_ocr,qwen3-vl:4b-instruct,26,1,1,0,1.0,1,26 degrees Celsius,1,3,0,0,13.521,5,18 | 20 | 22 | 16 | 14 | 12 | 10 | / | THERMOSTAT C | 30 | 26 | 28
dial_011.png,dial,terse_ocr,qwen3-vl:4b-instruct,60,10,2,0,1.43,0,I can't tell,0,3,,1,13.607,5,OVEN
dial_012.png,dial,terse_ocr,qwen3-vl:4b-instruct,190,10,0,0,1.0,1,170 degrees Celsius,0,3,,0,13.799,6,110 | - 90 | - 70 | 50 | / | 130 | 150 | 170 | 190 | 210- | 250 | OVEN °C
dial_013.png,dial,terse_ocr,qwen3-vl:4b-instruct,80,10,1,0,0.44,0,130 degrees Celsius,0,3,,0,13.954,6,"110 | 90 | 70 | 50 | 130 | 150 | 170 | 190 | 210- | 230, | 250 | OVEN 'C"
dial_014.png,dial,terse_ocr,qwen3-vl:4b-instruct,4,0,2,11.6,0.6,0,I can't tell.,0,3,,1,13.084,6,
dial_015.png,dial,terse_ocr,qwen3-vl:4b-instruct,30,1,0,11.3,1.0,1,27 degrees Celsius,0,3,,0,13.909,5,16 | 14 | 12 | 20 | 22 | 18 | 24 | 26 - | 28- | 30 | 10 | THERMOSTAT °C
dial_016.png,dial,terse_ocr,qwen3-vl:4b-instruct,10,0,1,0,1.0,1,10,1,1,0,0,13.422,3,9 | 10 | - | 11 | 12 | WASHER
dial_017.png,dial,terse_ocr,qwen3-vl:4b-instruct,3,0,2,1.3,1.48,1,I can't tell,0,3,,1,14.083,5,
dial_018.png,dial,terse_ocr,qwen3-vl:4b-instruct,210,10,0,0,1.0,1,180 degrees Celsius,0,3,,0,13.737,6,110 | - 90 | - 70 | 50 | 130 | 150 | 170 | 190 | 210- | 250 | OVEN °C
dial_019.png,dial,terse_ocr,qwen3-vl:4b-instruct,80,10,1,0,1.0,1,I can't tell.,0,3,,1,12.909,6,110 | 90 | - 70 | 50 | 130 | 150 | 170 | 190 | 210- | 230 | 250 | OVEN 'C
dial_020.png,dial,terse_ocr,qwen3-vl:4b-instruct,190,10,2,6.3,1.0,0,170 degrees Celsius,0,3,,0,12.14,6,OVEN C
dial_021.png,dial,terse_ocr,qwen3-vl:4b-instruct,28,1,0,0,0.68,0,26 degrees Celsius,0,3,,0,11.812,5,16 | - 14 | - 12 | 10 | 18 | 20 | 22 | THERMOSTAT °C | 24 | 26 | 28 | 30
dial_022.png,dial,terse_ocr,qwen3-vl:4b-instruct,27,1,1,0,1.48,0,24 degrees Celsius,0,3,,0,10.704,5,16 | 14 | 12 | 10 | 18 | 20 | 22 | THERMOSTAT 'C | 24. | 26 | - | 28 | 30
dial_023.png,dial,terse_ocr,qwen3-vl:4b-instruct,100,10,2,9.1,1.49,0,I can't tell,0,3,,1,10.569,5,
dial_024.png,dial,terse_ocr,qwen3-vl:4b-instruct,110,10,0,0,1.0,0,130 degrees Celsius,0,3,,0,11.243,6,110 | - 90 | - 70 | 50 | 130 | 150 | 170 | 190 | 210 - | 230 гл.) | 250 | OVEN °C
dial_025.png,dial,terse_ocr,qwen3-vl:4b-instruct,9,0,1,-8.0,1.0,1,I can't tell,0,3,,1,10.78,5,5 | 8 | 10 → | 11 | 12 | WASHER
readout_000.png,readout,terse_ocr,qwen3-vl:4b-instruct,140,0,0,13.1,1.3,0,348 degrees,0,2,,0,10.979,5,OVEN
readout_001.png,readout,terse_ocr,qwen3-vl:4b-instruct,155,0,1,0,1.0,0,350 degrees,0,2,,0,10.735,5,OVEN
readout_002.png,readout,terse_ocr,qwen3-vl:4b-instruct,6:48,0,2,0,0.6,0,8:48,0,1,,0,11.075,5,
readout_003.png,readout,terse_ocr,qwen3-vl:4b-instruct,220,0,0,0,0.55,1,220,1,1,0,0,11.168,4,OVEN | 022
readout_004.png,readout,terse_ocr,qwen3-vl:4b-instruct,9:01,0,1,0,1.21,0,8:08,0,1,,0,10.807,5,8:08 | MICROWAVE
readout_005.png,readout,terse_ocr,qwen3-vl:4b-instruct,210,0,2,0,1.33,1,280 degrees,0,2,,0,11.105,5,
readout_006.png,readout,terse_ocr,qwen3-vl:4b-instruct,102.6,0,0,-12.1,1.0,1,102.6,1,1,0,0,11.249,6,10ETE | SCALE
readout_007.png,readout,terse_ocr,qwen3-vl:4b-instruct,109.2,0,1,0,1.22,1,888.2,0,1,,0,11.126,6,888.2 | SCALE
readout_008.png,readout,terse_ocr,qwen3-vl:4b-instruct,100.9,0,2,0,1.0,1,100.9 pounds,1,2,0,0,7.396,7,100.9 | CALE
readout_009.png,readout,terse_ocr,qwen3-vl:4b-instruct,87.5,0,0,0,1.0,0,88.5 pounds,0,2,,0,6.807,6,38.5 | SCALE
readout_010.png,readout,terse_ocr,qwen3-vl:4b-instruct,71.0,0,1,0,0.45,0,I can't tell.,0,3,,1,8.068,6,11.0 | SCALE
readout_011.png,readout,terse_ocr,qwen3-vl:4b-instruct,25.5,0,2,-10.0,0.35,0,88.5 degrees,0,2,,0,9.767,6,25.5
readout_012.png,readout,terse_ocr,qwen3-vl:4b-instruct,160,0,0,-0.7,1.0,1,360 degrees,0,2,,0,9.787,5,OVEN
readout_013.png,readout,terse_ocr,qwen3-vl:4b-instruct,125,0,1,0,1.0,0,325 degrees,0,2,,0,9.487,5,OVEN
readout_014.png,readout,terse_ocr,qwen3-vl:4b-instruct,72.7,0,2,-5.0,1.42,1,88.8 pounds,0,2,,0,9.451,6,38.8
readout_015.png,readout,terse_ocr,qwen3-vl:4b-instruct,97.7,0,0,0,1.0,0,I can't tell.,0,3,,1,9.765,6,SCALE | B88
readout_016.png,readout,terse_ocr,qwen3-vl:4b-instruct,145,0,1,0,1.0,0,888 degrees,0,2,,0,9.658,5,145 | OVEN
readout_017.png,readout,terse_ocr,qwen3-vl:4b-instruct,165,0,2,2.7,1.0,1,888 degrees,0,2,,0,9.328,5,85 | OVEN
readout_018.png,readout,terse_ocr,qwen3-vl:4b-instruct,3:56,0,0,1.7,1.0,1,3:56,1,1,0,0,9.358,5,3:56 | MICROWAVE
readout_019.png,readout,terse_ocr,qwen3-vl:4b-instruct,18:47,0,1,0,1.0,0,88:81,0,1,,0,9.833,6,MICROWAVE | 88:81
readout_020.png,readout,terse_ocr,qwen3-vl:4b-instruct,69.3,0,2,0,1.41,0,89.3 pounds,0,2,,0,9.536,6,89.3 | SCALE
readout_021.png,readout,terse_ocr,qwen3-vl:4b-instruct,2:54,0,0,0,1.0,1,8:58,0,1,,0,9.758,5,MICROWAVE
readout_022.png,readout,terse_ocr,qwen3-vl:4b-instruct,29.5,0,1,3.8,0.57,0,88.8 degrees,0,2,,0,10.424,6,29.5 | THERMOSTAT
readout_023.png,readout,terse_ocr,qwen3-vl:4b-instruct,19.0,0,2,0,1.25,0,89.0 degrees,0,2,,0,10.341,6,89.0 | THERMOSTAT
readout_024.png,readout,terse_ocr,qwen3-vl:4b-instruct,245,0,0,0,0.48,1,245 degrees,1,2,0,0,10.414,5,245 | OVEN
readout_025.png,readout,terse_ocr,qwen3-vl:4b-instruct,26.0,0,1,0,1.0,0,28.0 degrees,0,2,,0,11.558,6,28.0 | THERMOSTAT
date_000.png,date,terse_ocr,qwen3-vl:4b-instruct,2027-12,0,0,13.7,1.0,0,12-27,1,1,0,0,11.963,6,Chicken breast fillets | Once opened use within 3 days | LOT 66077 | BBE | 12-27 | Net weight 1kg
date_001.png,date,terse_ocr,qwen3-vl:4b-instruct,2025-05-07,0,1,0,0.37,1,07 MAY 25,1,3,0,0,12.323,7,Chicken breast filets | Once opened use within 3 days | LOT 5338 | BEST BEFORE | 07MAY25 | Thei weight 1L
date_002.png,date,terse_ocr,qwen3-vl:4b-instruct,2027-05-11,0,2,0,1.0,0,11/05/2027,1,1,0,0,12.55,11,11/05/2027
date_003.png,date,terse_ocr,qwen3-vl:4b-instruct,2025-08,0,0,9.6,1.0,1,08-25,1,1,0,0,11.698,6,Cheddar cheese 200g | Keep refrigerated | LOT 53193 | EXPIRY | 08-25 | Net weight 500g
date_004.png,date,terse_ocr,qwen3-vl:4b-instruct,2025-05-28,0,1,0,0.66,0,28 MAY 25,1,3,0,0,12.46,7,Wholemeal bread | Once openad use within 3 days | LOT 94857 | 28MAY25 | Net weight 1L
date_005.png,date,terse_ocr,qwen3-vl:4b-instruct,2027-06-04,0,2,0,1.0,0,04 JUN 2027,1,3,0,0,12.102,10,04 JUN 2027
date_006.png,date,terse_ocr,qwen3-vl:4b-instruct,2027-07-15,0,0,0,0.41,0,15/07/2027,1,1,0,0,12.824,11,Chicken breast fillets | Keep refrigerated | LOT 39271 | Best before end | 15/07/2027 | Net weight 1L
date_007.png,date,terse_ocr,qwen3-vl:4b-instruct,2026-11-14,0,1,0.8,1.0,0,14/11/2026,1,1,0,0,12.475,11,Chicken breast fillets | Store in a cool dry place | LOT 24154 | EXP | 14/11/2026 | Net weight 500g
date_008.png,date,terse_ocr,qwen3-vl:4b-instruct,2028-07-21,0,2,0,1.0,0,2028-07-21,1,1,0,0,12.022,11,2028-07-21
date_009.png,date,terse_ocr,qwen3-vl:4b-instruct,2027-08,0,0,12.7,1.45,0,AUG 2027,1,2,0,0,13.208,8,Cheddar cheese 200g | Once opened use within 3 days | LOT 43693 | BEST BEFORE | AUG 2027 | Net weight 1kg
date_010.png,date,terse_ocr,qwen3-vl:4b-instruct,2026-07-23,0,1,0,1.21,0,23JUL26,1,1,0,0,12.931,7,Orange juice | Once opened use within 3 days | LOT 51908 | BEST BEFORE | 23JUL26 | Net weight 1kg
date_011.png,date,terse_ocr,qwen3-vl:4b-instruct,2026-03-10,0,2,0,1.0,0,10/03/2026,1,1,0,0,12.86,11,LOTI | 10/03/2026
date_012.png,date,terse_ocr,qwen3-vl:4b-instruct,2028-09-22,0,0,14.5,1.0,1,22.09.28,1,1,0,0,13.022,9,Orange juice | Once opened use within 3 days | LOT 30047 | EXP | 22.09.28 | Net weight 1L
date_013.png,date,terse_ocr,qwen3-vl:4b-instruct,2028-05-23,0,1,0,1.0,0,23.05.28,1,1,0,0,13.104,9,Wholemeal bread | Store in a cool dry place | LOT 99041 | USE BY | 23.05.28 | Net weight 500g
date_014.png,date,terse_ocr,qwen3-vl:4b-instruct,2026-11-27,0,2,0,0.42,1,27/11/2026,1,1,0,0,12.893,11,27 | 11/2020
date_015.png,date,terse_ocr,qwen3-vl:4b-instruct,2026-10-25,0,0,0,1.0,0,25.10.26,1,1,0,0,13.145,9,Greek style yoghurt | Once opened use within 3 days | LOT 7742 | Best before end | 25.10.26 | Net weight 1L
date_016.png,date,terse_ocr,qwen3-vl:4b-instruct,2027-05-05,0,1,0,0.66,1,05 MAY 27,1,3,0,0,12.369,7,Semi skimmed milk: 1L | Store in a cool dry place | LOT 78330 | BBE | 05MAY27 | Net weight 250g
date_017.png,date,terse_ocr,qwen3-vl:4b-instruct,2026-12,0,2,5.2,1.0,0,2026-12,0,1,,0,12.748,8,LOT 1STH | 2026-12
date_018.png,date,terse_ocr,qwen3-vl:4b-instruct,2026-10-27,0,0,-6.7,1.2,0,27 OCT 2026,1,3,0,0,33.624,9,Chicken breast fillets | Once opened use within 3 days | LOT 35500 | EXP | 27 OCT 2026 | Net weight 1L
date_019.png,date,terse_ocr,qwen3-vl:4b-instruct,2027-04,0,1,0,1.0,1,2027-04,0,1,,0,12.442,8,Semi skinned milk 12 | Once opened use within 3 days | LOT 92665 | EXP | 2027-04 | Set weight 250g
date_020.png,date,terse_ocr,qwen3-vl:4b-instruct,2028-06-03,0,2,0,0.48,0,03.06.28,1,1,0,0,13.12,9,03.06.28
date_021.png,date,terse_ocr,qwen3-vl:4b-instruct,2026-03-16,0,0,-8.0,1.0,1,16 MAR 2026,1,3,0,0,13.051,9,Cheddar cheese 200g | Keep refrigerated | LOT 70673 | EXP | 16 MAR 2026 | Net weight 1kg
date_022.png,date,terse_ocr,qwen3-vl:4b-instruct,2026-01-04,0,1,4.4,1.0,1,04/01/2026,1,1,0,0,12.907,11,Chicken breast fillets | Keep refrigerated | LOT 87124 | BBE | 04/01/2026 | Net weight 1kg
date_023.png,date,terse_ocr,qwen3-vl:4b-instruct,2027-08-25,0,2,11.0,1.42,0,25/08/2027,1,1,0,0,12.656,11,25/08/2027
date_024.png,date,terse_ocr,qwen3-vl:4b-instruct,2027-12,0,0,0,1.0,0,2027-12,0,1,,0,12.894,8,Greek style yoghurt | Once opened use within 3 days | LOT 25814 | EXPIRY | 2027-12 | Net weight 250g
date_025.png,date,terse_ocr,qwen3-vl:4b-instruct,2028-01,0,1,0,1.33,0,01-28,1,1,0,0,12.856,6,Wholemeal tread | Keep refrigerated | LOT 20140 | Best before end | 01-28 | Net weight 1L
label_pick_000.png,label_pick,terse_ocr,qwen3-vl:4b-instruct,left,0,0,3.4,1.0,0,left one,1,2,0,0,12.543,3,Baking | soda | 200 g | Baking | powder | 200 g
label_pick_001.png,label_pick,terse_ocr,qwen3-vl:4b-instruct,left,0,1,0,0.42,1,left one,1,2,0,0,12.636,3,Baking | soda | 500 ml | Baking | powder | 200 g
label_pick_002.png,label_pick,terse_ocr,qwen3-vl:4b-instruct,right,0,2,0,0.58,0,right one,1,2,0,0,12.68,3,11 | Chicken
label_pick_003.png,label_pick,terse_ocr,qwen3-vl:4b-instruct,right,0,0,6.1,1.0,1,right one,1,2,0,0,12.562,3,Oat | milk | 500 ml | Soy | milk | 500 ml
label_pick_004.png,label_pick,terse_ocr,qwen3-vl:4b-instruct,left,0,1,0,1.0,1,left one,1,2,0,0,11.898,3,Baking | soda | 500 ml | Baking | powder | 1 L
label_pick_005.png,label_pick,terse_ocr,qwen3-vl:4b-instruct,right,0,2,0,0.53,0,right one,1,2,0,0,12.303,3,Washing | tablets | Dishwasher | tablets | 200 g
label_pick_006.png,label_pick,terse_ocr,qwen3-vl:4b-instruct,right,0,0,0,1.34,0,right one,1,2,0,0,12.557,3,Oat | milk | 1 L | Soy | milk | 200 g
label_pick_007.png,label_pick,terse_ocr,qwen3-vl:4b-instruct,right,0,1,1.2,1.27,1,right one,1,2,0,0,12.491,3,Baking | soda | 500 ml | Baking | powder | Family size
label_pick_008.png,label_pick,terse_ocr,qwen3-vl:4b-instruct,left,0,2,0,1.42,1,left one,1,2,0,0,11.824,3,Beef | stock | 200 g | Chicken | stock | 200
label_pick_009.png,label_pick,terse_ocr,qwen3-vl:4b-instruct,left,0,0,0,1.0,0,left one,1,2,0,0,13.23,3,Whole | milk | 500 ml | Skimmed | milk | 1 L
label_pick_010.png,label_pick,terse_ocr,qwen3-vl:4b-instruct,right,0,1,0,0.52,0,right one,1,2,0,0,13.57,3,Baking | powder | 200 g | Baking | soda | Family size
label_pick_011.png,label_pick,terse_ocr,qwen3-vl:4b-instruct,left,0,2,6.0,1.0,0,left one,1,2,0,0,13.174,3,Regula | coffee | 200 г | Decaf | coffee | 200 g
label_pick_012.png,label_pick,terse_ocr,qwen3-vl:4b-instruct,left,0,0,11.5,1.38,1,left one,1,2,0,0,13.379,3,Baking | soda | Family size | Baking | powder | 1 L
label_pick_013.png,label_pick,terse_ocr,qwen3-vl:4b-instruct,left,0,1,0,1.0,1,left one,1,2,0,0,13.509,3,Washing | tablets | 1 L | Dishwasher | tablets | 1L
label_pick_014.png,label_pick,terse_ocr,qwen3-vl:4b-instruct,left,0,2,-14.7,1.44,0,left one,1,2,0,0,13.153,3,Dishwasher | tablets | Washing | tablets | 2008
label_pick_015.png,label_pick,terse_ocr,qwen3-vl:4b-instruct,left,0,0,11.9,1.0,0,left one,1,2,0,0,13.434,3,Baking | soda | 200 g | Baking | powder | 200 g
label_pick_016.png,label_pick,terse_ocr,qwen3-vl:4b-instruct,left,0,1,0,1.0,1,left one,1,2,0,0,12.873,3,Washing | tablets | 1L | Dishwasher | tablets | 200 g
label_pick_017.png,label_pick,terse_ocr,qwen3-vl:4b-instruct,left,0,2,0,1.0,0,left one,1,2,0,0,13.247,3,BLIK | Log | Out
label_pick_018.png,label_pick,terse_ocr,qwen3-vl:4b-instruct,right,0,0,0,0.58,0,right one,1,2,0,0,12.842,3,Skimmed | milk | 1 L | Whole | milk | 200 g
label_pick_019.png,label_pick,terse_ocr,qwen3-vl:4b-instruct,left,0,1,0.8,1.0,1,left one,1,2,0,0,13.086,3,Baking | soda | Family size | Baking | powder | 500 ml
label_pick_020.png,label_pick,terse_ocr,qwen3-vl:4b-instruct,left,0,2,0,0.55,1,left one,1,2,0,0,13.097,3,Whole | mi1k | Skiner | milk
label_pick_021.png,label_pick,terse_ocr,qwen3-vl:4b-instruct,right,0,0,0,1.0,1,right one,1,2,0,0,13.116,3,Skimmed | milk | 200 g | Whole | milk | 200 g
label_pick_022.png,label_pick,terse_ocr,qwen3-vl:4b-instruct,right,0,1,0,0.46,0,right one,1,2,0,0,13.527,3,Beef | stock | 200 g | Chicken | stock | 500 ml
label_pick_023.png,label_pick,terse_ocr,qwen3-vl:4b-instruct,left,0,2,0,1.0,0,left one,1,2,0,0,13.025,3,8 1 | 300 м
label_pick_024.png,label_pick,terse_ocr,qwen3-vl:4b-instruct,right,0,0,0,0.49,0,right one,1,2,0,0,13.592,3,Whole | milk | 1L | Skimmed | milk | 500 ml
label_pick_025.png,label_pick,terse_ocr,qwen3-vl:4b-instruct,left,0,1,0,1.22,1,left one,1,2,0,0,13.267,3,Dishwasher | tablets | 500 ml | Washing | tablets | 1 L
medication_000.png,medication,terse_ocr,qwen3-vl:4b-instruct,1,0,0,0,1.0,0,1 tablet,1,2,0,0,13.583,3,Town Centre Pharmacy | Metformin 850 mg tablets | Take 1 tablet 2 times a day | with water | ety 10 | Patient: R. Khan | Dispensed 25/05/2026
medication_001.png,medication,terse_ocr,qwen3-vl:4b-instruct,1,0,1,0,0.6,0,1 tablet,1,2,0,0,13.075,3,Hillside Chemist | Metformin 850 mg tablets | Take 1 tablet 1 times a day | with water | Qty 5 | Patient: A. Smith | Dispensed 06/02/2026
medication_002.png,medication,terse_ocr,qwen3-vl:4b-instruct,2,0,2,14.7,0.56,0,2 tablets,1,2,0,0,12.955,3,Town Certre Pharmacy | Metformin 500 mg tablets | Take 2 tablets 2 times a day | Dispensed 27/03/2026
medication_003.png,medication,terse_ocr,qwen3-vl:4b-instruct,4,0,0,0,1.33,1,4 times a day,1,4,0,0,13.441,5,Greenway Pharmacy | Paracetamol 500 mg tablets | Take 1 tablet 4 times a day | with food | Qty 28 | Patient: A. Smith | Dispensed 23/11/2026
medication_004.png,medication,terse_ocr,qwen3-vl:4b-instruct,1,0,1,0,1.0,1,1 time a day,1,4,0,0,13.291,5,Greenway Pharmacy | Lisinopril 10 mg tablets | Take 1 tablet 1 times a day | with food | Qty 14 | Patient: M. Lee | Dispensed 02/08/2026
medication_005.png,medication,terse_ocr,qwen3-vl:4b-instruct,500,0,2,0,1.0,1,500 mg,1,2,0,0,13.487,5,Cel | tre Pars | Amoxicillin 500 mg capsules | Take 1 capsule 3 times a day | water | Patienti | 18/1872028
medication_006.png,medication,terse_ocr,qwen3-vl:4b-instruct,2,0,0,0,0.66,1,2 times a day,1,4,0,0,13.503,5,Town Centre Pharmacy | Metformin 500 mg tablets | Take 1 tablet 2 times a day | with food | ety 14 | Patient: J. Brown | Dispensed 03/03/2026
medication_007.png,medication,terse_ocr,qwen3-vl:4b-instruct,2,0,1,0,1.0,0,2 tablets,1,2,0,0,13.842,3,Hillside Chemist | Metformin 500 mg tablets | Take 2 tablets 2 times a day | with water | Qty 20 | Patient: M. Lee | Dispensed 21/09/2026
medication_008.png,medication,terse_ocr,qwen3-vl:4b-instruct,1,0,2,1.4,1.0,1,1 tablet,1,2,0,0,12.953,3,i Cente Pramary | Atorvastatin 10 mg tablets | Take 1 tablet 3 times a day | Gly 15 | Pent 1 B | Diapersed 2301/2021
medication_009.png,medication,terse_ocr,qwen3-vl:4b-instruct,3,0,0,0,1.22,0,3 times a day,1,4,0,0,14.187,5,Hillside Chemist | Paracetamol 500 mg tablets | Take 1 tablet 3 times a day | do not exceed stated dose | ety 42 | Patient: J. Brown | Dispensed 18/05/2026
medication_010.png,medication,terse_ocr,qwen3-vl:4b-instruct,4,0,1,0,0.54,1,4 times a day,1,4,0,0,13.326,5,Hillside Chemist | Atorvastatin 40 mg tablets | Take 1 tablet 4 times a day | with water | Qty 20 | Patient: R. Khan | Dispensed 15/11/2026
medication_011.png,medication,terse_ocr,qwen3-vl:4b-instruct,500,0,2,0,1.0,0,500 mg,1,2,0,0,14.249,5,Greenway Pharmacy | Paracetamol 500 mg tablets | Take 2 tablets 3 times a day | do not exceed stated dose | Cy 30 | Patent: 1. Brown | Dupersed 25/03/2026
medication_012.png,medication,terse_ocr,qwen3-vl:4b-instruct,2,0,0,6.5,1.0,0,2 times a day,1,4,0,0,13.218,5,Hillside Chemist | Amoxicillin 500 mg capsules | Take 2 capsules 2 times a day | do not exceed stated dose | Qty 28 | Patient: J. Brown | Dispensed 09/07/2026
medication_013.png,medication,terse_ocr,qwen3-vl:4b-instruct,2,0,1,0,1.23,0,2 times a day,1,4,0,0,13.94,5,Hillside Chemist | Ibuprofen 200 mg tablets | Take 1 tablet 2 times a day | with water | Qty 10 | Patient: R. Khan | Dispensed 12/07/2026
medication_014.png,medication,terse_ocr,qwen3-vl:4b-instruct,20,0,2,0,1.0,0,20 mg,1,2,0,0,12.937,4,ben Centre Pramacy | Lisinapril 20 mg tablets | Take 1 tablet 2 times a day | - | Oly 10 | Patient a Brea | Dispersed 17/12/2028
medication_015.png,medication,terse_ocr,qwen3-vl:4b-instruct,5,0,0,0,1.0,0,5 mg,1,2,0,0,13.036,3,Hillside Chemist | Lisinopril 5 mg tablets | Take 1 tablet 2 times a day | do not exceed stated dose | Qty 10 | Patient: J. Brown | Dispensed 06/07/2026
medication_016.png,medication,terse_ocr,qwen3-vl:4b-instruct,2,0,1,-11.3,1.0,0,2 capsules,1,2,0,0,13.351,3,Greenway Pharmacy | Amoxicillin 250 mg capsules | Take 2 capsules 4 times a day | do not exceed stated dose | Qty 40 | Patient: A. Smith | Dispensed 07/12/2026
medication_017.png,medication,terse_ocr,qwen3-vl:4b-instruct,2,0,2,-10.0,1.0,1,2 tablets,1,2,0,0,13.298,3,Shade Cheme | Atorvastatin 20 mg tablets | Take 2 tablets 4 times a day | - Soar | 09 112 | Patient: M. Lee | and 21/07/2021
medication_018.png,medication,terse_ocr,qwen3-vl:4b-instruct,1,0,0,-9.2,0.54,0,1 tablet,1,2,0,0,13.613,3,Greenway Pharmacy | Ibuprofen 200 mg tablets | Take 1 tablet 3 times a day | with food | Qty 21 | Patient: R. Khan | Dispensed 17/10/2026
medication_019.png,medication,terse_ocr,qwen3-vl:4b-instruct,20,0,1,0,0.42,0,20 mg,1,2,0,0,12.981,4,Town: Centre Pharmacy | Atorvastatin 20 mg tablets | Take 1 tablet 2 times a day | with water | Qty 28 | Patient: M. Lee | Dispensed 24/08/2026
medication_020.png,medication,terse_ocr,qwen3-vl:4b-instruct,500,0,2,14.0,1.0,1,500 mg,1,2,0,0,13.599,5,Greenway Parmacy | Paracetamol 500 mg tablets | Take 1 tablet 1 times a day | do not exceed stated dose | Potent: R. Khan | Dispensed 22/01/2026
medication_021.png,medication,terse_ocr,qwen3-vl:4b-instruct,20,0,0,0,1.0,0,20 mg,1,2,0,0,12.927,4,Greenway Pharmacy | Lisinopril 20 mg tablets | Take 1 tablet 1 times a day | do not exceed stated dose | Qty 5 | Patient: M. Lee | Dispensed 21/07/2026
medication_022.png,medication,terse_ocr,qwen3-vl:4b-instruct,250,0,1,0,1.41,0,250 mg,1,2,0,0,13.461,5,Greenway Pharmacy | Amoxicillin 250 mg capsules | Take 1 capsule 1 times a day | with food | Qty 14 | Patient: R. Khan | Dispensed 07/12/2026
medication_023.png,medication,terse_ocr,qwen3-vl:4b-instruct,500,0,2,0,1.39,0,500 mg,1,2,0,0,13.555,5,Then Cente Prarmacy | Amoxicilin 500 mg capsules | Take 2 capsules 4 times a day | do not eat | and viated dose | Oly 40 | Palet M. Lee | Dispensed 08:05:2026
medication_024.png,medication,terse_ocr,qwen3-vl:4b-instruct,10,0,0,1.8,1.0,0,10 mg,1,2,0,0,13.459,4,Hillside Chemist | Atorvastatin 10 mg tablets | Take 1 tablet 2 times a day | with food | Qty 14 | Patient: M. Lee | Dispensed 17/04/2026
medication_025.png,medication,terse_ocr,qwen3-vl:4b-instruct,2,0,1,7.9,1.47,0,2 tablets,1,2,0,0,12.924,3,Hillside Chemist | Metformin 500 mg tablets | Take 2 tablets 1 times a day | with water | Qty 28 | Patient: M. Lee | Dispensed 21/02/2026
button_000.png,button,terse_ocr,qwen3-vl:4b-instruct,bottom right,0,0,-6.4,1.0,1,bottom right,1,2,0,0,12.579,3,POWER | START | DEFROST | CLOCK | AUTO | STOP | CANCEL | GRILL | +30 SEC
button_001.png,button,terse_ocr,qwen3-vl:4b-instruct,top left,0,1,0,1.25,1,top left,1,2,0,0,12.998,3,MENU | CLOCK | DEFROST | START | AUTO | +30 SEC | STOP | CANCEL | KIDS LOCK
button_002.png,button,terse_ocr,qwen3-vl:4b-instruct,middle left,0,2,0,1.0,1,middle left,1,2,0,0,12.695,3,SAL | START | GLOCK | KIES LOCH
button_003.png,button,terse_ocr,qwen3-vl:4b-instruct,top left,0,0,10.7,1.0,1,top left,1,2,0,0,13.565,3,CANCEL | AUTO | +30 SEC | MENU | GRILL | START | CLOCK | KIDS LOCK | TIMER
button_004.png,button,terse_ocr,qwen3-vl:4b-instruct,bottom right,0,1,-14.0,1.48,0,bottom right,1,2,0,0,12.77,3,GRILL | STOP | POWER | KIDS LOCK | CLOCK | AUTO | CANCEL | TIMER | START
button_005.png,button,terse_ocr,qwen3-vl:4b-instruct,bottom left,0,2,0,1.22,1,bottom left,1,2,0,0,12.733,3,
button_006.png,button,terse_ocr,qwen3-vl:4b-instruct,top right,0,0,0,1.0,0,top right,1,2,0,0,13.287,3,+30 SEC | GRILL | DEFROST | TIMER | AUTO | START | STOP | CLOCK | POWER
button_007.png,button,terse_ocr,qwen3-vl:4b-instruct,top right,0,1,0,0.48,0,top right,1,2,0,0,12.899,3,AUTO | DEFROST | MENU | START | +30 SEC | TIMER | POWER | CLOCK | CANCEL
button_008.png,button,terse_ocr,qwen3-vl:4b-instruct,bottom centre,0,2,0,0.4,1,middle centre,0,2,,0,12.824,3,
button_009.png,button,terse_ocr,qwen3-vl:4b-instruct,bottom left,0,0,14.2,0.39,1,bottom left,1,2,0,0,12.693,3,KIDS LOCK | DEFROST | CLOCK | +30 SEC | AUTO | POWER | GRILL | STOP | CANCEL
button_010.png,button,terse_ocr,qwen3-vl:4b-instruct,middle centre,0,1,0,1.0,1,middle centre,1,2,0,0,12.748,3,GRILL | START | CLOCK | POWER | TIMER | CANCEL | MENU | AUTO | STOP
button_011.png,button,terse_ocr,qwen3-vl:4b-instruct,middle right,0,2,0,1.31,0,middle right,1,2,0,0,12.38,3,
button_012.png,button,terse_ocr,qwen3-vl:4b-instruct,top centre,0,0,0,1.0,0,top centre,1,2,0,0,13.361,3,+30 SEC | KIDS LOCK | START | TIMER | STOP | POWER | DEFROST | CLOCK | GRILL
button_013.png,button,terse_ocr,qwen3-vl:4b-instruct,bottom centre,0,1,-2.6,1.0,0,bottom centre,1,2,0,0,13.534,3,AUTO | TIMER | KIDS LOCK | STOP | POWER | START | CLOCK | DEFROST | +30 SEC
button_014.png,button,terse_ocr,qwen3-vl:4b-instruct,top right,0,2,0,1.5,0,top right,1,2,0,0,13.67,3,
button_015.png,button,terse_ocr,qwen3-vl:4b-instruct,middle right,0,0,13.4,1.0,0,middle right,1,2,0,0,13.965,3,GRILL | TIMER | CLOCK | START | POWER | +30 SEC | STOP | AUTO | MENU
button_016.png,button,terse_ocr,qwen3-vl:4b-instruct,top centre,0,1,-8.5,0.68,1,top centre,1,2,0,0,13.69,3,POWER | KIDS LOCK | GRILL | CLOCK | MENU | STOP | START | TIMER | CANCEL
button_017.png,button,terse_ocr,qwen3-vl:4b-instruct,top centre,0,2,5.4,1.0,1,top centre,1,2,0,0,13.957,3,KOS LOCK | БЕРКОВТ | START | CANCEL
button_018.png,button,terse_ocr,qwen3-vl:4b-instruct,top centre,0,0,5.1,1.34,1,top centre,1,2,0,0,12.765,3,START | CANCEL | AUTO | POWER | +30 SEC | MENU | STOP | GRILL | DEFROST
button_019.png,button,terse_ocr,qwen3-vl:4b-instruct,top left,0,1,0,1.0,1,top left,1,2,0,0,13.242,3,CLOCK | +30 SEC | TIMER | START | DEFROST | AUTO | GRILL | CANCEL | STOP
button_020.png,button,terse_ocr,qwen3-vl:4b-instruct,bottom centre,0,2,4.3,1.44,0,middle centre,0,2,,0,12.568,3,
button_021.png,button,terse_ocr,qwen3-vl:4b-instruct,middle left,0,0,12.5,1.0,0,middle left,1,2,0,0,13.088,3,GRILL | MENU | POWER | +30 SEC | START | STOP | CANCEL | KIDS LOCK | TIMER
button_022.png,button,terse_ocr,qwen3-vl:4b-instruct,top right,0,1,0,1.0,1,top right,1,2,0,0,13.06,3,CANCEL | TIMER | +30 SEC | AUTO | STOP | START | MENU | POWER | GRILL
button_023.png,button,terse_ocr,qwen3-vl:4b-instruct,bottom right,0,2,0,1.0,1,bottom right,1,2,0,0,13.032,3,
button_024.png,button,terse_ocr,qwen3-vl:4b-instruct,middle left,0,0,-9.2,1.0,0,middle left,1,2,0,0,12.75,3,TIMER | START | POWER | STOP | CANCEL | CLOCK | MENU | AUTO | +30 SEC
button_025.png,button,terse_ocr,qwen3-vl:4b-instruct,top left,0,1,0,1.0,1,top left,1,2,0,0,12.579,3,MENU | CANCEL | CLOCK | START | TIMER | DEFROST | +30 SEC | AUTO | GRILL
